187.1,7724,47629
156.53,3546,39701
130.1,1817,39283
128.73,1050,39106
151.43,2490,41526
515.73,31504,56288
148.1,3178,39040
156.67,2930,43138
198.33,6442,50764
140.23,1586,41714
474.83,28731,53820
108.13,45,35445
107.57,83,36612
123.67,539,44327
203.57,9773,48346
206.7,7683,46789
145.23,2089,45796
278.8,12747,43008
95.2,0,28483
381.07,23591,51788
184,7275,44394
259.77,14848,54615
131.43,1015,39048
159.53,4357,42496
128.93,927,39628
128.13,829,36547
165.87,3897,40256
164.03,2968,44035
181,5718,48799
245.8,14514,48193
163.37,3549,47616
134.7,1938,36437
279.83,17572,57462
174.63,7367,52123
291.87,15624,56080
146.5,2472,43005
203.43,8145,45900
214.93,9233,48889
131.13,767,39944
142.47,2758,45339
100.93,0,36891
196.53,6565,48281
175.53,2803,42711
186.4,5171,48449
222.23,12164,56765
121.4,372,33715
106.13,18,34913
288.43,16199,46107
120.87,438,41337
136.1,1399,35540
87.367,0,31165
144.3,2180,42164
120.37,429,37938
267.87,12819,43232
114,158,31117
143.37,2282,41806
127.97,1304,39721
135.77,2878,37127
206.9,9864,42709
130.89,1856,39620
143.03,3355,48781
121.4,378,36883
325.27,18872,53942
162.73,3651,36028
118.17,449,40589
110.5,101,36286
130.87,1143,41803
144.23,1686,38522
139.5,1315,42171
282.77,14117,47306
200.43,8268,49180
165.53,4896,46821
110.8,88,34950
168,4387,41360
122.03,781,35010
117.87,325,38934
127.67,870,33990
143.2,2618,46735
293.37,16445,46599
256.33,13282,52440
96.2,0,35024
107.07,69,34385
109.68,60,42475
85.438,0,29340
241.5,10764,45472
200,8266,45126
168.2,4535,46015
107.23,76,37291
334.13,19827,50882
181,4979,47478
105.47,8,31709
268.7,14415,45695
139.4,1532,42389
230.67,9777,49286
141.47,4852,50969
138.53,3644,43517
147.77,1888,34773
150.2,3123,37553
115.17,294,38429
256.6,12672,46975
137.07,1878,48009
143.8,1795,40408
232.23,9664,42376
214.17,8048,43714
129.67,700,35802
109.93,96,31522
108.53,104,41699
189.07,7083,39532
274.97,12987,46247
139.53,1494,42566
211.93,8813,48221
165.93,3774,43913
181.33,4732,40375
137.57,2517,42585
194.57,7414,44416
118.33,449,37294
100.1,2,38478
288.8,15126,44467
105,43,31522
367.8,21368,48975
328.33,17706,48728
147.1,1778,39094
125.87,595,45545
433.8,26117,52048
267.3,15236,47320
169.23,4261,46355
188.4,4550,37874
140.03,2722,45455
373.37,21232,54420
127.67,1507,45278
135.57,1351,41722
160.17,4475,39052
222.17,8892,44201
119,652,35441
113.93,270,36925
181.27,7158,43471
105.03,26,38603
267.37,11756,42853
126.97,679,41350
164.63,3094,43478
155.63,2669,35128
125.2,503,37349
154,2310,44669
258.17,16020,56016
195.03,8268,44954
224.9,9946,45937
173.97,5891,43793
290.5,16596,47860
215.67,10021,49987
168.97,4659,47009
118.7,353,41830
163.7,4871,43698
149.4,3447,44307
213.03,10636,47681
193.47,8858,53374
107.6,63,39724
233.9,11272,47663
193.23,7116,45933
325.6,17477,48377
219.17,9268,46477
285.67,13393,47331
152.07,4680,44568
214.77,10666,50345
161.43,4438,42310
161.4,4542,39256
223.37,12517,50382
170.03,5037,41659
166.7,3500,43230
312.8,19357,47959
278.17,12753,45476
171.03,5665,45124
186.73,15519,63365
229.53,10261,42302
128.77,753,36451
264.9,12162,44429
110.37,172,42459
179.63,5311,46610
247.17,11967,51303
110.6,102,40769
132.3,1211,43272
292.07,15835,52692
114.13,187,38176
445.93,26081,51316
328,17962,57953
166.17,8792,52954
161.5,2269,37824
197.7,8440,47053
212.27,7755,42933
119.43,410,42168
163.43,5250,44655
104,8,34937
220.1,12298,55321
214.87,7991,41410
161,5824,47300
278.5,15305,50121
224.8,8981,40040
93.767,0,34101
171.37,4275,38722
102.87,15,31936
119.7,324,36968
210.8,6726,41000
110.2,67,33807
186.97,7410,45260
289.73,16695,45660
110.9,112,40663
111.63,215,37226
110.8,127,41563
144.1,2347,39838
192.37,6413,45231
178.9,6545,38892
217.7,10227,51179
105.47,107,39986
119.77,503,43327
130.13,1405,37857
334.6,19124,49675
152.9,3517,44440
115.37,270,38644
99.233,0,32327
112.67,146,37449
115.8,268,38296
222.93,13155,60878
122.27,540,35196
260.03,13814,53418
217.13,8940,47942
231.9,10146,44373
141.3,3708,47171
145.37,2497,44962
106.87,25,34818
166.27,4483,43248
117.4,477,38027
205.53,7481,42063
184.33,5237,40442
98.7,0,36437
339.03,17395,45902
86.933,0,30963
116.73,271,33769
181.23,6225,45868
227.5,10728,45371
186.4,5647,44037
213.2,10624,46739
491.37,29008,53852
376.23,20923,48567
121.23,369,39203
163.7,3564,41461
96.633,9,30822
146.37,1977,40232
122.7,923,38106
97.867,1,35542
136.9,2527,45859
151.23,3744,48838
116.17,264,37604
152.83,2672,37958
142,2279,43833
132.27,2295,47885
230.17,13794,52674
191.83,4417,37857
202.97,8713,47744
128.9,991,40098
101.13,3,31117
122.8,512,40337
217.73,8016,43384
180.5,5493,39363
108.5,61,37002
207.57,14854,60781
145.7,3063,41426
192.53,8396,45193
202.63,8604,52026
205.37,6932,44580
141.83,2367,40448
143.1,1234,40884
194.23,6547,48169
92.267,0,35635
161,5176,47807
152,2628,39961
91.067,0,29149
118.33,566,42411
161.5,4549,42470
420.03,23919,51611
216.4,8710,43648
97.6,0,34328
265.27,15518,53339
99.733,0,36887
139.1,2042,46494
111.9,136,37134
163.93,6131,44472
140.3,1625,41369
398.7,23893,56247
239.37,10781,48252
100.27,2,30942
170.13,4167,38364
79.6,0,29153
129.93,803,38114
189,6664,43000
114.81,99,39216
116,211,35513
110,125,44572
159.13,4636,41253
138.77,1418,44867
147.23,1681,37021
153.23,4911,50762
105.4,49,38318
120.47,725,37742
164.4,5279,40670
148.77,4404,48331
118.83,315,34977
150.47,3548,46879
129.87,722,37017
113.23,144,31068
268.83,12448,44627
211.6,12151,53386
213.53,8383,50432
131.2,1126,34892
95.8,0,32698
106.1,36,34234
156.03,2942,40128
155.03,5413,53239
227.87,11696,53511
129.7,1030,42145
191.63,6215,46318
283.37,15113,45908
192.5,5848,45228
95.867,0,36467
173.1,4950,41644
133.33,1127,43097
413.7,26459,54415
190.6,7139,49362
454.03,27830,54419
160.47,2965,42100
198.43,7871,45008
321.3,17893,47005
160.27,4102,45082
112.43,222,40393
389.83,23961,48742
312.17,15951,51880
265.93,14568,54427
301.93,16253,44944
187.1,6741,42925
153.93,5469,49484
167,4880,46834
150.53,4150,45020
104.13,1,31597
146.63,3838,41523
119.33,344,34266
210.8,8208,36501
151.27,2839,38978
98.9,0,32330
121.5,403,35404
203.93,7017,46447
110.97,108,35165
262.03,14343,48605
144.17,2170,41452
103.07,20,34275
207.1,8236,44880
96.2,0,32944
127.6,1189,39685
157.37,7843,56221
141.53,2714,42875
131.9,1047,42036
319.13,15965,50851
210.63,9203,47265
279.77,14868,49353
155.8,5387,53273
101.43,7,31303
99,1,36345
179.1,5439,45656
242.93,13048,54469
233.47,9822,48491
200.03,6195,44830
165.67,3896,44166
122.67,430,42828
122.93,431,31329
199.83,8423,50336
200.3,7415,45749
103.07,3,37078
139.03,1138,35473
253.33,13110,50415
87.688,0,29495
213.53,7609,46746
141.77,3447,44215
117.17,332,32263
255.67,12838,44983
171.6,3563,45230
129.3,931,42550
133.1,2169,37425
95.933,0,33736
134.93,2391,42304
188.07,7179,40836
157.77,3474,42187
120.67,369,33688
98.033,0,27962
271.53,14670,44554
199.87,7887,49877
300.37,15024,48187
158.27,3953,40424
500.33,30376,56486
247.67,12143,44162
265.03,12805,43888
169.57,4149,38606
250.23,13174,48202
217.47,10843,45837
128.6,1764,41306
122.5,820,43688
217.57,10776,47554
331.17,21457,53492
112.13,116,37640
102.97,5,39253
137.87,1933,45929
89.7,0,31814
108.9,53,38790
245,10714,46308
148.83,3491,46606
147.43,3879,45305
260.3,13715,50803
121.77,415,36477
98.733,0,31172
223.37,12101,57470
223,9832,44822
318.6,16757,45845
134.13,1835,41233
96.2,0,34452
142.23,1361,39706
141.8,2235,35770
126.2,1281,36778
165.03,3815,40762
244.63,13117,46027
429.63,25368,47319
123.97,757,43627
92.467,0,33371
252.97,12180,52526
180.77,6599,46976
159.63,3352,41156
154.6,3077,45399
148.23,5872,51767
152.87,2267,45200
116.03,239,33091
160.33,4572,46611
128.8,1191,42582
141.77,2212,42757
255.9,13575,45453
395.8,24330,50618
215.73,8692,41378
100,19,33372
195.6,8778,48019
116.97,290,37180
232.83,8634,44816
140.07,2157,41496
98.6,3,35140
333.83,18264,45167
111.9,116,38670
147.9,2222,43208
147.1,2955,46181
111.63,159,32277
216.1,11372,47986
133.97,1353,40644
370.67,21078,50583
282.13,13680,45163
93.833,0,33182
150.13,2115,42131
144.6,3898,40835
146.83,1640,38273
149.8,2360,42041
503.8,31250,55600
270.27,13728,44203
135.4,1304,45643
171.1,4887,48877
104.3,0,33614
251.03,11995,46383
194.1,4562,37797
528.47,31614,55946
207.43,8982,41645
115.83,532,39651
254.43,14059,46948
218.4,11992,52790
125.4,1079,43028
185.5,6741,43004
121.27,796,38620
319.8,17404,46273
142.93,1107,37385
108.8,73,40934
88.267,0,29750
126.57,859,34887
394.4,23495,50934
123.23,831,40464
134.87,1372,44461
113.57,166,34328
144.13,3078,38764
166.43,5104,41423
106,42,37588
145.13,2146,38684
164.3,6505,46384
156.53,3027,42112
82.1,0,26470
92.5,0,33328
287.23,15541,46936
82.167,0,26255
410.73,22326,46997
164.53,4195,42653
477.17,30518,56927
119.47,403,41602
74.5,0,27176
127.1,1091,39688
102.6,0,35136
248.5,15639,61689
265.73,14408,48160
164.4,6319,44794
101.7,0,35056
153.03,3932,40234
131.27,1673,38873
118.43,315,32067
102.53,10,32209
137.5,1688,35222
203.87,9157,48218
213.03,8680,40497
130.07,1173,43773
95.433,0,34745
118,378,35533
268.2,13689,50698
144.2,1620,42057
174.23,6379,40512
275.27,14501,48794
100.3,1,31952
176.4,5919,46142
205.27,7836,45754
192.47,7785,43787
133.4,2525,51425
173.57,6012,49304
87.2,0,25287
344.03,20376,58323
201.33,8859,44627
251.53,13205,46456
107.13,39,37246
122.5,681,40208
176.93,4928,43497
228.47,10227,45541
319.3,17960,51983
155.2,3385,38323
186.17,6054,41593
115.5,225,37699
152.47,3233,48026
406.67,24840,52547
524.6,33547,54760
159.67,4855,39694
244.9,12141,44547
122.87,737,44303
117,608,34241
346.7,20104,48670
88.3,0,27110
150.53,4075,43313
162.53,3325,48161
173.33,5512,44971
130.17,1626,40399
207.63,7771,44345
160.67,4587,39748
115.83,354,38673
150.63,1646,42688
179.6,6165,45263
327,25855,70902
125.23,687,41809
379,23084,52295
89.9,0,31587
122.57,525,38250
118.53,509,38080
147.77,1508,38518
110.13,82,31740
262,13242,56035
262.93,15210,57531
128.53,1235,39556
104.77,31,33633
105.6,9,37028
136.53,1901,39231
86.333,0,29366
110.57,128,38009
105.42,47,41023
375.63,22364,47349
160.87,3146,41799
107.37,30,40435
105.73,28,33985
208.03,8993,48184
125.23,872,41796
214.67,11519,48581
331.07,20863,50448
195.03,8004,45566
169.9,6511,46551
168.8,4190,41483
258.13,12927,43479
256.27,12136,45730
155.43,3312,42598
227.97,11274,44701
103.6,1,34722
119.3,429,34638
150.63,3036,46679
274.4,13968,47481
381.2,19697,45583
87.633,0,31133
129.47,690,38829
104.94,29,38272
348,18870,48474
186.6,7251,49584
217.53,10039,51803
163.33,2760,44664
144.67,2451,37068
289.53,17244,53721
182.4,7651,48875
226.33,12524,45160
462.37,28678,53765
162.7,4950,50435
143.77,2883,42877
234.9,13355,53804
339.3,19687,49945
110.73,115,38932
130.03,1217,42002
88.267,0,30421
192.73,6845,43940
178.97,3865,44395
133.27,1251,37381
453.5,27695,54390
223.4,10729,50320
127.6,1148,37814
116.31,428,44128
163.73,5213,38489
135.77,2099,46682
123.97,480,40966
261.87,11777,39619
140.7,1464,38953
199.23,7674,50283
254.93,12901,46825
180.4,8753,50769
395.07,24860,53392
365.5,22126,53053
196.4,8160,40599
108.4,59,36757
174.23,4112,41711
210.3,9135,46020
167.2,4166,41604
402.5,24481,53301
129.8,1699,36305
105.8,17,36041
448.5,26233,50359
120.93,441,41022
205.7,10015,43724
164.6,4789,44586
101.8,0,33680
277.53,12542,44765
206.43,8238,41094
226.03,11446,47269
190.23,4045,39096
107.8,61,32394
269.83,13142,47690
150.33,3355,42753
216.83,9490,45873
412.7,25338,53162
209.47,7814,40369
132.83,1903,42578
98.567,3,29010
112.57,132,30492
361.47,22428,51673
130.33,1503,42756
187.63,5257,45799
109.73,110,39295
137.33,2183,45231
403.03,23667,53601
172.7,3010,38789
139.7,2756,43462
127.67,1152,40094
250.4,12090,43929
75.933,0,25782
88.033,0,27559
175.13,8035,46503
140.53,2846,42827
161.43,3386,43752
168.97,12115,59863
133.6,1240,35692
183.9,5707,49328
86.467,0,28695
203.03,8147,42566
273.97,13800,45735
112.43,158,32079
98.333,11,32763
169.67,4209,32701
169.57,6199,42818
110.23,162,40492
344.13,19411,53296
336.77,20061,47125
122.37,1042,41319
101.7,2,37820
254.53,12208,43750
183,6966,46893
205.3,8094,45977
177.2,3419,47116
280.43,14591,45200
157.3,2505,38836
136.53,918,38208
134.87,1075,40878
416.33,27935,52632
105.27,10,33642
108.77,119,36945
147.47,1321,35761
263.23,11701,49011
132,1261,37410
313.9,17435,47010
133.87,1088,43708
160.3,3763,40579
134.2,2128,41343
329.73,17354,44033
193.33,7387,48434
208.6,9730,55991
165.4,5749,50022
184.37,6539,44687
143.8,2137,39040
426.97,26368,52208
214.1,9359,49220
203.07,7739,40654
182.03,7387,41377
223.83,8372,47153
119.1,303,31614
106.43,59,32429
245,13773,57873
120.33,410,37669
138.83,1526,41705
317.6,18560,48820
91.043,0,27642
110.17,83,36756
118.37,409,39293
232.6,12517,51938
238.57,13477,52210
184.13,7617,44942
136.67,2554,42826
148.17,3618,46374
90.433,0,26166
107.9,77,30203
217.53,8347,43600
204.93,7068,42737
190.83,6960,47430
209.93,6137,44142
220.47,7944,48107
106.9,44,32637
342.67,18826,50360
288.7,15316,46428
125.43,884,38299
129.88,872,38354
113.73,348,41510
278.83,14593,50285
125.47,2074,42708
98.3,0,30484
126.1,984,38882
201.13,9222,45891
165.77,5644,47430
179.97,4510,39799
82.8,0,27050
154.6,3470,42384
115.47,196,29265
110.7,138,37367
232.8,11851,45061
293.07,16551,49670
116,257,30828
311.07,19360,51408
356.8,21339,52399
108.2,84,35048
136.73,2593,43090
143.6,3257,44849
187.63,5991,43076
135.9,1900,43495
135.5,2341,40167
291.9,16825,50990
158.27,5028,50482
117.97,578,40244
133.1,1268,39411
122.43,452,36958
110.5,89,38102
252.43,12178,43679
310.7,17588,49785
231.87,11162,44140
108.13,56,38084
371.63,21898,52498
151.5,2136,34296
118.83,461,40845
95.933,0,31304
306.47,17331,56472
103.83,3,34970
178.43,7890,50579
222.87,8807,43261
280.83,13450,43789
260.2,12447,44116
114.47,174,33852
394.33,22942,46509
142.1,2093,44380
110.6,82,41265
219.07,10330,53382
159.1,4302,39780
104.4,27,34888
119.5,599,44312
147.93,4723,45641
135.47,1702,39891
109.3,85,33507
237.43,11074,50173
150.03,3640,37331
99.167,0,35997
169.9,4744,44838
294.97,14269,49898
390.37,22860,50830
149.47,2326,42856
179.17,5335,40457
114.67,200,39175
120.2,348,37537
125.57,498,32497
203.23,8576,46727
98.167,6,28817
116.97,543,40290
119.17,623,34485
110.5,94,35484
143.83,2135,44035
154.1,2613,40788
373.3,21183,48093
110.93,76,31622
164.23,4770,41927
382.3,24722,53774
193.97,8000,43907
205.07,9067,43052
118.13,276,38395
135.73,1560,38669
121.37,1270,46693
135.93,1938,45547
355.2,19729,50444
139.97,1114,35711
157.37,1884,40139
217.43,9444,42028
148.9,4181,44893
116.2,242,38158
123.9,682,43245
272.5,14246,43162
112.53,139,28535
205.9,7315,46237
154.37,4774,46770
203.8,9822,50352
345.7,19389,47371
261.23,13943,49153
122.87,545,39895
141.5,3162,47114
186.93,5465,42699
86.667,0,31569
101.33,0,32157
312.8,18830,57885
116.3,492,36289
162.07,5922,48129
140.5,1691,37482
129.7,868,43541
152.13,4588,49216
120.53,598,38229
187.6,5387,48246
125.97,681,39080
183.27,6876,41052
145.8,3000,51561
165.73,4147,48359
175.5,3884,43794
298.83,18058,55981
114.4,175,35044
105.6,16,36900
143.8,3201,40777
138.2,3194,41813
86.733,0,32614
194.43,7115,45809
127.93,667,38604
131.7,1448,41924
226.47,10797,46537
474.27,31061,55374
227,11006,46181
243.47,10423,45130
153.17,2228,40927
171,5907,43205
168.57,3655,38570
291.13,15088,49167
244.2,11454,40341
301.17,15636,52013
150.87,3594,42204
118.7,386,35521
246.03,14097,48212
136.23,1483,38513
292.47,16621,46773
154.87,5593,49702
163.87,3351,44780
327.23,16679,45004
94.167,0,32533
209,9390,48778
186.7,4879,46040
141.03,1387,39415
209.87,8055,48278
171.47,5496,41541
317.4,17363,47894
107.03,48,34005
182.57,6820,41707
228.6,9341,41627
189,8061,47934
107.1,25,36212
142.43,1443,38157
199.33,7412,45075
100.13,25,36226
176.23,4689,40772
166.13,4371,42848
263.07,13255,44144
85.9,0,27193
164.23,6662,50029
114.93,188,34518
113.33,134,40171
384.5,21336,46547
122.03,438,36443
150.67,3194,39649
157.33,3037,43907
139.6,2989,46526
222.9,11166,49941
204.4,7716,43143
161.77,6443,54220
165.53,4493,45193
209.97,8999,42840
215.13,8840,44352
223,8889,42350
209.9,10934,45059
193.83,6937,45091
140.7,2206,40560
111.7,86,26216
105.8,30,35548
190.9,6124,50580
444.53,26429,49835
123.43,962,39498
215,11240,53459
92.375,0,30539
184.07,7401,42528
128.6,1294,46610
140.43,1041,32363
100.5,0,38021
131.4,714,34908
171.53,4970,42599
141.17,1359,35612
216.67,6585,44367
128.3,1315,42844
119.93,459,38176
117.23,349,39422
125.57,951,36882
108.13,68,33877
184.17,7065,47845
100.77,5,35200
145.57,3877,41566
166.8,5186,39193
147.97,3017,44100
408.97,23223,51290
172.53,4998,40879
123.73,513,35264
213.27,9084,48669
266.03,13967,46093
258.4,11909,43975
168.93,8375,57214
228.87,9303,43182
171.53,3719,38872
224.63,10431,41530
127.93,1760,46055
337.3,19044,47642
159.5,3777,48549
130.13,1461,44602
211.8,7851,52921
84.933,0,31686
93.333,0,31980
183.03,7262,42215
137.83,2181,39833
210.4,8173,46043
248.1,10759,50738
231.5,10922,48701
118.37,416,36244
132.73,2680,45093
148.23,3235,47153
177.87,5628,42578
127.8,794,41219
227.9,9987,45018
140.23,1208,37420
118.47,578,39395
303.03,17488,50927
285.03,14280,46607
139,1449,38980
124.07,562,41767
242.07,9740,41660
121.53,603,39626
163.07,4884,48709
184,8472,54016
114.5,277,35210
228.7,13350,60674
213.4,6663,44734
174.43,5421,43369
127.47,697,38522
130.7,1238,38579
115.57,205,36365
214.6,9983,48155
155.3,4181,40181
211.83,7343,41479
95.733,0,29600
109.93,123,35894
143.07,2563,46256
122.87,830,38457
111.7,140,34466
265.43,11443,41238
262.8,12667,48609
91.767,0,32174
137.9,1507,39216
137.12,1751,44913
202.83,9025,48973
269.03,13211,48169
196.87,6774,41354
178.17,5587,49448
107.3,51,34530
135.27,1445,38408
177,4115,40609
153.23,4597,46873
206.43,7685,43677
230.8,10832,45850
134.27,2377,41781
253.23,13316,49345
205.9,7782,41230
124.2,655,35452
403.53,24254,51480
305.13,16344,48099
180,4916,43752
226.73,10499,45640
293,16876,52557
142.93,3297,40631
139.67,3480,43871
237.2,10838,50542
106.17,78,36387
98.133,0,29144
158.2,2546,41359
140.67,1196,39225
104.03,17,41682
318.2,17863,49534
122.53,975,42655
104.6,37,35131
302.63,17365,47704
89.467,0,35174
211.03,8675,52756
155.5,3410,48303
189.87,5194,37123
176.77,5845,44283
212,10856,49184
152.3,2828,46239
290.23,14870,48324
133.87,998,40029
108.87,210,39026
172.5,5513,46644
147.83,4546,46043
138.07,1690,42342
140.87,1744,43007
181.5,6178,41304
187.27,7458,42787
244.7,9868,42599
157.9,3709,40969
167.83,3084,38396
271.1,14075,45753
174.9,4918,38765
97,3,29625
125.57,759,41892
175.57,6691,45725
166.97,3722,41205
156.87,4056,49685
184.8,4639,43468
168.43,5513,42073
144,2248,44815
277,16040,47779
158.27,4639,49151
253.37,14763,55278
163.43,4148,51432
189.6,6945,45997
212.3,8594,45647
126.47,631,42382
245.53,13123,49766
363.6,19835,47311
197.97,8010,47927
135.53,1702,43729
101.75,7,34747
123.17,830,38920
174.3,6416,46493
94.267,0,35038
183.6,7134,43780
156.77,3417,42286
321.33,18021,49163
171.2,5530,42911
208.67,7088,43522
136.73,1862,40552
98.367,0,36523
152.5,3455,42899
130.4,1411,38639
118.4,417,40469
106.73,63,37941
173,4208,41040
376.9,19884,47451
140.1,1781,46083
324.67,19547,50324
159.3,3626,46191
167.2,4048,45353
163.53,4971,44633
250.57,12942,46995
299.67,17760,48025
125.33,1610,46009
161.77,4109,43785
177.07,7487,55073
99.633,12,34759
138.53,2340,46375
123.6,832,42319
146.4,3014,39557
117.37,286,38521
194.33,6930,46914
148.73,3566,52058
135.1,1318,40815
91.133,0,36716
153.53,2913,43466
138.47,1598,39993
94.6,0,33748
155.33,3869,46423
127.33,1649,49464
109,38,34454
102.06,4,32100
110.23,82,34932
115.1,306,35057
113.93,185,40314
407.9,24466,54610
127.27,736,37973
216.77,9638,43572
121.13,525,38228
350.83,22376,54494
108.87,83,33685
278.27,16442,49637
352,22122,59602
103.8,38,36297
97.867,0,36695
190.7,4811,44309
83.6,0,25764
113.57,217,41356
83.167,0,29178
261.7,14264,44454
115.8,266,41232
238.17,9758,43859
103.17,13,34195
153.67,4960,51685
133.8,2908,44826
130.13,844,41591
219.1,9714,48538
118.57,478,41982
78.567,0,28929
110.5,76,33528
135.73,1235,37535
117.27,320,37082
217.8,10193,45623
290,13969,46318
100.93,3,31815
115.53,267,43108
457.73,28369,54473
111.67,215,36283
139.6,3163,51828
227.8,8450,46267
225,8721,44166
128.2,764,41203
289.67,15058,48721
174.03,4257,39317
251.5,14300,50922
93.367,0,34738
126.03,1040,38089
141.77,1949,42189
125.83,731,39438
222.07,8339,43939
163.43,6360,42818
100.47,0,35268
114.2,160,35660
124.5,492,32142
131.6,1442,38715
253.83,11600,45639
149.87,2602,46582
183.43,5971,45609
127.17,619,36741
152.67,4853,43437
254.4,11503,43483
95.767,0,31739
109.07,86,32162
194.77,7873,51494
98.6,3,36610
87.2,0,29149
111.17,158,40072
126.57,1495,47653
112.53,126,41286
190.73,10320,50304
117.63,352,35567
144.53,1416,40091
166.67,4870,43334
384.17,21464,48422
119.17,639,43765
334.17,20022,50211
180.3,4185,46249
172.2,4123,38997
279.37,14080,49846
134.47,1962,42515
283.97,14197,43396
144.23,1239,40599
125.87,618,44799
116.5,306,36706
175.97,5839,37314
236.67,10744,43675
206.6,8459,41880
147.33,4120,47636
154.53,3317,38935
213.77,9000,40873
93.633,6,25035
148.47,2050,41857
197.8,6328,45284
122.47,448,38438
198.37,9581,45750
114.3,336,38313
415.63,25551,51513
121.73,676,37726
133.83,904,39995
123.17,513,35901
102.1,0,35704
192.3,6801,48240
335.63,19785,53168
150.77,4114,39498
130.23,1014,43863
113.5,219,33202
265.17,14536,47010
339.3,19491,51314
131.8,2490,44991
256.07,14474,50766
235.6,10137,45764
193.87,7954,47287
123.37,779,35247
238.87,11416,49034
398.13,25181,50126
110.13,105,37323
219.33,8149,45762
203.17,7407,46438
120.63,546,37964
130.43,1331,35106
158.97,3084,43856
176.17,5254,44872
144.77,2510,46935
182.57,5299,44851
106.13,72,28925
114.13,167,43285
147.03,3281,42079
117.47,305,38016
188.27,6526,43524
167.73,4583,48562
149.33,4071,43515
116.83,456,38058
119.97,600,38848
281.77,15219,45531
190.97,8680,51398
166.17,4097,40020
150.7,3619,43661
123.63,439,29076
132.83,1915,42209
161.57,4644,47260
260.73,12260,46804
128.3,1159,42381
106.63,24,33350
172.6,6138,44816
123.37,1048,42270
109.1,94,36951
117.27,555,37057
177.97,6125,43844
275.8,13191,43127
227.67,9937,47837
106.77,31,31159
427.43,25880,51807
107.07,65,31660
133.97,1485,44276
287.1,15153,48371
135.9,2485,38122
133.77,2147,40178
113.03,194,38410
123.23,468,34683
116.4,382,37645
100.9,0,31807
223.73,10100,52281
132.3,2310,42873
131.43,1557,43451
142.67,3670,43332
140.37,1086,42470
135.07,1783,39613
175.73,5346,46818
179.47,7202,42528
142.8,1799,47968
139.07,2342,39653
119.4,655,39257
138.5,1940,34398
230.6,8580,44104
307.37,17780,56616
114,201,36136
175.47,6555,46780
207.33,8068,41623
134.27,1311,38538
196.5,9863,46147
273.07,16050,62310
285.83,16803,47422
135.7,2640,45594
161.23,2738,47486
159.13,2593,37752
96.833,0,31826
158.53,3328,43516
137.37,1780,42193
134.03,1086,42401
146.8,2585,36784
156.63,2407,41913
358.8,20058,48940
126.9,629,35718
176.57,5332,42120
126.27,1043,36632
128.37,1190,40479
137.9,2212,41119
111,122,29465
167.17,4148,44480
140.2,1874,46911
175.33,5454,41498
121.07,418,36815
192.43,6949,48716
120.77,812,41501
178.73,5975,42831
115.03,201,36566
111.2,88,32705
185.93,5747,48661
71.867,0,25968
285.43,11837,40999
274.37,14001,45518
243.83,12123,48412
308.3,18351,57123
250.63,10669,41763
216.07,9717,49355
179.43,6954,52037
188.97,6640,44703
193.27,5809,39681
204.5,9305,53814
155.7,2414,39968
214.1,6428,40218
93.633,0,36060
142.33,1322,37218
88.367,0,27728
112.07,271,40685
130.1,1350,42821
136.87,2221,43884
182.7,6802,50893
336.93,18994,47468
144.13,3224,38846
260.07,14900,47823
209.3,8711,48039
146,3989,44570
323.97,18748,51527
92.567,0,30176
75.367,0,27597
133,1784,40299
126.6,1847,44799
194.93,8578,47194
76.4,0,24608
325.53,18518,48760
210.67,6449,39433
116.63,265,35253
238.63,12081,45828
136.47,1282,39676
118.37,313,33437
203.57,6368,44541
134.5,1103,42558
368.3,20582,50793
158.73,4650,46522
106.3,75,38595
124.87,611,34042
150,2878,38377
169.43,4972,46120
446.57,26459,52735
143.2,3413,47429
204.07,9676,47967
145.67,2581,45465
147.37,2801,44252
137.23,2116,41559
183.2,6770,43235
187.5,6361,41115
162.17,2711,42371
309.87,16336,48401
92.167,0,29510
94.533,0,33666
201.83,7058,37238
129.77,2397,48896
131.37,1480,37824
307.6,19128,53619
84.1,0,32604
195.2,9323,55887
273,14354,51306
133.17,1631,38843
131.57,818,33376
231.23,10557,46210
128.47,1650,43302
144.4,2939,40241
219.73,8525,44002
107.73,47,37332
222.17,10662,45291
242.3,10800,42645
114.7,250,30987
365.97,21803,48619
306.7,17152,47701
117.23,530,38151
173.2,4945,46693
265.43,13758,49022
129.2,2327,46494
211.37,9453,43011
87.375,0,30100
111.57,211,39536
164.4,5636,37892
236.07,11705,45750
231.43,9090,37797
185.57,4456,42205
208.63,6856,46739
208.4,8285,42640
102.9,3,37088
113.93,256,40893
136,1885,40155
139.07,1961,41934
159.6,5634,48762
123.73,748,46616
186.63,6865,43242
318.57,18628,57120
155.87,4203,43210
69.133,0,21743
249.33,12194,43353
110.33,133,34407
170.47,7119,51435
105.67,21,35770
121.23,434,43800
336.3,17964,51871
225.57,8196,42362
131.43,814,41465
113.67,204,33851
117.43,337,37812
183.87,5498,44572
124.27,711,41119
194.77,7207,45228
294.73,14612,47612
656.43,37897,55862
241.5,12239,47699
149.17,4347,46875
355.17,20703,48695
106.4,24,34797
134,1885,39661
205.47,8593,51030
106.33,20,34051
123.4,542,36178
132.67,936,36061
143.17,3326,46780
253.83,12390,46502
133.3,1137,39427
112.77,197,36381
325.17,16494,49074
234.87,9803,48426
108.03,49,37933
181.57,6975,55425
167.83,2890,36631
119.6,683,42290
122.83,506,38599
109.53,105,34313
183.63,9554,59392
181.13,5316,44913
231.4,10504,41655
225.93,13477,56876
402.2,22372,46623
425.2,25334,48040
356.33,19130,50425
167.5,2883,40788
210.17,7691,42877
157.83,3932,45208
146.97,3028,43646
104.88,25,36075
109.37,68,40047
122.1,822,34758
119.07,448,44011
99.267,0,32016
121.53,479,37169
183.73,5905,42992
246.67,14628,47046
176.23,4203,44051
127.17,903,40132
157.83,2764,40998
109.47,103,30414
104.7,49,35060
112.38,298,41645
190.33,6619,46851
190.77,8055,47912
106.6,70,35756
129.6,808,40013
157.43,3197,37968
214.17,9171,52247
102.17,5,31382
187.2,9069,45159
198.7,8471,44485
149.23,2265,41301
157.17,3456,44416
324.3,20248,53004
158.33,3814,45646
112.5,183,39177
149.8,5167,52834
100.97,0,32362
553.07,33850,55381
186.33,8251,51138
200.2,6863,44696
344.43,18771,51724
206.17,9737,47625
237.87,11728,47404
299.57,15942,49205
199.13,11018,57796
167.83,2942,40000
302.6,17684,49044
271.97,14910,46211
171.43,6000,48852
102.63,1,37965
147,2747,43744
127.17,572,44967
274.5,13263,43378
113.27,201,38867
109.33,54,36190
160.57,5491,48915
155.47,2128,40513
174.77,6953,44298
146,2097,39279
228.5,10357,42272
113.6,233,39264
288.83,15273,54474
210.2,8749,43412
131.83,978,39077
96.733,0,29575
87.933,0,32400
161.97,2647,43823
108.67,82,36188
133.63,1526,29736
215.5,8805,46351
98.1,0,35352
138.33,1362,36641
101.7,2,30799
198.27,6203,38560
247.8,10450,52202
80.467,0,28373
241.57,10936,50028
108.23,155,33458
108.27,37,39214
171.33,4612,40135
317.43,16703,46624
151.3,2665,44701
197.53,9653,47742
174.5,5796,45785
79.6,1,31242
307.03,17872,52214
289.03,16179,48401
138.6,2197,42779
153.2,4297,44682
162.73,4320,45150
134.57,1865,47566
413,24238,50069
112.4,149,36183
97.433,11,26608
92.267,0,38058
222.3,8690,42798
128.03,644,36277
111.7,110,36636
160.1,2712,39661
106.67,116,41106
192.27,9683,55749
102.53,3,32386
113.5,357,36734
362.37,20861,46353
100.47,7,37349
198.6,8828,44987
163.8,3070,42230
111.81,198,31375
124.77,489,38607
150.37,3419,43618
136.57,1702,38908
182.33,6748,44719
129.53,998,37243
117.17,330,39067
167.97,4615,43777
136.3,1504,36756
144.13,1603,43241
149.23,1594,28268
174.43,4999,44002
93.433,0,36588
129.63,925,38623
147.53,3098,39178
249.63,12224,42185
282.03,12266,47565
125,1168,40533
126.17,760,37048
216.47,9973,55564
88.433,0,35599
143.2,2224,42819
124.7,537,40585
356.97,19611,52510
194.2,7358,48930
179.8,5485,44810
146.53,4035,44298
171.27,6014,45474
119.33,397,34020
250.33,14730,50024
116.93,259,33339
84.7,0,30757
202.53,7139,48680
122.9,734,37025
87.033,0,28599
118.33,435,38515
117.3,597,43399
103.13,26,36626
288.93,14484,47093
97.7,1,35615
109.5,77,32008
280.3,13126,47319
207.67,9729,51603
215.63,8386,49013
214.27,9522,52013
178.67,6674,43771
151.63,2343,40675
145.07,1317,33966
115.47,288,33218
101.3,2,34692
230.6,11791,50002
109.83,165,43040
109.5,159,35860
162.87,5097,43489
118.57,287,36527
288.27,14971,47478
370.9,23195,56187
190.6,8573,44064
86.533,0,32919
117.43,264,34542
234.03,10824,41164
237.6,9938,43912
253.73,12513,45271
172.63,3808,45486
195.9,8928,45568
160.03,3772,48436
98.267,0,32020
265.8,14245,50811
155.77,5067,44506
121.87,400,37936
219.03,7951,52828
327.4,17904,50142
154.3,4695,43322
210.83,7734,46607
290.47,16191,47578
179.1,8262,44685
231.2,9617,50109
145.3,1384,42957
103.67,4,34723
140.27,1244,35878
166.13,5245,42642
144.77,3280,43875
207.6,9519,48532
401.4,23129,49765
181.67,7175,46800
169.23,4253,49728
258.07,12108,45536
108.2,63,36648
89.2,0,32349
221.77,10444,46157
197.3,6217,50502
304.2,16634,50801
186.37,4546,37555
483.1,28195,49684
148.83,3415,40654
167.8,3679,39507
125.2,550,36903
429.7,25936,53230
79.4,0,22651
218.77,7619,46677
113,185,41648
155.6,4050,47882
194.53,5176,39755
112.93,148,39982
174,6830,51931
126.13,1013,38211
101.73,2,32079
156.07,3521,40318
77.733,0,28950
137.67,1774,38438
119.87,866,40836
113.2,185,35876
116.4,269,32854
215.67,9611,48764
305.97,16338,49483
167.97,3811,42762
104.33,70,40210
112.63,144,32607
202.87,7253,41585
149.2,3252,40886
127.5,1382,40832
190.63,9654,53781
166.9,5006,47468
339.77,20377,54170
201.73,6895,44425
541.2,32923,56863
141.7,2649,41424
337.13,20374,52976
147.13,2637,41739
181.57,5216,39396
99.312,0,36459
145,2152,46988
246.6,11522,46285
96.2,0,28071
248.23,12191,44248
104.27,13,32620
143.83,2285,42364
139.43,916,33837
265.67,13208,46676
244.6,9793,47932
135.2,965,35190
217.23,9456,45413
126,873,43883
96.367,0,34879
81.233,0,29908
193.97,7373,43730
114.27,328,35468
157.4,2740,44446
142.3,2012,43754
186,4436,37490
150.73,3202,41795
107.87,101,36838
112.2,104,36660
234.73,12151,51849
96.1,0,36468
235.4,10175,43226
184.5,7026,45968
162.97,3772,42146
170.27,3942,38496
152.33,3069,41813
149.77,4965,48044
203.43,11237,48397
85.767,0,28007
406.23,23919,49098
124,950,43775
106.7,18,38826
154.43,3815,48369
111.2,133,37309
136.2,2174,34395
117.77,269,40920
233.4,11159,42502
101.5,4,32856
163.06,5788,50314
227.27,10613,43861
173.3,4783,45092
247.73,12608,45475
120.07,710,41855
158.43,2201,34137
170.43,5033,40075
209.13,6829,41806
262.13,11799,46314
168.17,5950,48521
110.9,170,39165
201.8,8565,43910
158.6,2729,41649
142.87,7133,52221
112.3,125,38436
111.8,107,34956
399.57,23398,51400
270.47,13294,45025
236.47,10247,54652
283.03,15939,48734
226.37,9760,45243
167.93,4862,43502
290,14995,46536
197.47,7090,45581
157.63,2979,37634
258.03,14216,50417
199.6,8594,46913
261.97,14089,45683
123.83,461,34805
343.7,19418,47122
141.67,2554,45657
126.83,1281,42273
110.87,175,36858
193.9,8024,43776
165.23,4535,43848
177.77,5923,40931
185,4412,44223
180.53,5683,43079
304.97,15093,45980
121.47,671,38621
173.9,7781,51875
119.53,421,37125
200.47,9379,47380
152.53,4050,49423
274.97,13021,46075
101.97,1,40042
157.2,1978,39047
129.03,1443,42278
102.53,0,38938
148.17,3440,43726
187.87,13675,58645
150.5,3267,40585
184.67,4999,44114
101.8,13,35841
108.87,77,38048
170.63,6247,50980
181.7,5025,38573
411.1,23801,49530
226.27,9020,41888
145.5,3883,44688
91.433,0,32238
548.23,33680,55087
346.07,20254,52721
312.2,19201,54242
324,18628,48622
323.1,17198,48635
130.37,806,42878
152.7,2809,39608
129,601,33653
166.23,4581,47818
130.77,963,40035
203.83,7638,41010
134.1,1761,36934
205.1,8054,48678
114.6,228,35371
124.33,1015,42452
103.33,11,36186
101.8,4,35017
163.57,3904,38563
190.37,6878,43978
365.53,21531,48174
235.1,13796,56835
136.03,2528,46834
85.033,0,28914
173.1,5754,38107
133.93,1466,40828
87.233,0,30866
130.83,814,38664
172.67,6170,46443
164.73,4410,41703
117.06,683,45293
306.17,18280,48666
150.73,1546,35128
151.87,7631,51220
105.3,128,33693
160.8,4573,52704
261.47,13297,47369
228.8,11914,49340
85.633,0,29515
162.87,3486,47688
184.93,4665,39005
139.2,1351,38508
100.53,42,33006
294.3,16165,45013
291.33,16962,47306
118.47,352,34176
196.63,13521,58293
155.13,3946,38934
169.07,3790,43579
170.5,4420,40105
223.73,11275,46385
186.73,7395,46430
116.87,285,35334
116.93,398,41535
172.1,6780,48855
276.23,12973,45955
121.57,523,40125
119.77,522,37350
133.33,1666,39938
221.07,7626,38447
295.2,16855,49234
114.93,255,37093
127.7,678,40852
116.63,286,40489
174.73,6193,42349
317.83,17006,45469
174.63,5562,45952
253.57,13120,52688
141.53,3721,48398
122.03,819,38714
121.6,496,40452
102.23,1,35091
128.63,1102,39146
192.2,5289,38571
224.9,11002,49868
219.77,11774,59151
106.57,67,34041
111.4,142,40315
95.767,0,30064
276.57,12366,43720
114.4,263,40567
120.13,804,43864
101.04,0,35518
290.2,13829,43413
337.37,20160,52778
249.77,12606,46287
143.73,2685,46119
110.17,156,39711
165.47,3719,42904
123.83,1602,42242
93.167,0,31484
145.9,2703,40874
302.17,16964,47717
113.1,145,38400
200.03,8301,46994
205,7737,45025
142.1,1206,37740
221.47,9053,46917
157.43,2903,46622
138.23,2974,41624
114.53,186,34571
260.67,12256,48467
278.5,16336,53917
229.33,9259,48624
146.33,2230,41695
177.6,6892,40726
114.9,312,35727
417.5,23820,48611
181.4,19274,67447
124.4,748,38833
105.53,4,30957
115.8,344,44212
148.13,3456,42507
149.87,1990,41591
183.23,7300,43548
169.5,4447,43824
150.8,3333,45079
109.47,134,38311
220.5,8889,43070
135.07,2115,41689
114.6,322,38594
302.07,16979,49376
93.733,0,36966
150.1,3983,43894
107.87,41,37857
85.133,0,27365
153.4,2627,40358
83.633,0,28223
115.07,330,35377
109.27,79,39684
131.17,1706,41693
211.2,8827,41620
172.17,8351,54065
117.8,297,39513
307.57,16438,45982
149.27,4083,50517
146.97,3607,44612
144.07,2564,41147
262.97,13006,49709
120.17,518,36391
168.43,6504,45717
140.6,2646,38451
197.27,7948,46285
131.2,856,32799
117.83,437,39766
87.067,0,32573
178.3,4316,37288
185.17,4556,38376
228.53,9801,49738
119.2,306,36757
127.23,1569,45783
315.6,18536,51130
259.1,15959,53260
171,6452,50338
188.77,8687,51108
120.5,650,42535
198.57,5809,41510
282.37,15367,49151
172.63,4922,45700
122.17,737,40646
159.8,6963,53216
186.73,6619,45496
285.53,13533,40528
265.37,12602,45221
305.57,17372,49087
374.6,22373,49890
147.03,2133,40217
95.667,0,30913
125.47,1062,34245
163.83,7084,46409
131.87,1422,40759
303.97,16433,47672
128.2,1074,43296
287.83,14905,45672
121.43,836,38472
113.07,236,39726
298.6,15734,47534
347.23,20805,49933
105.27,67,34775
145.27,6780,53958
209.67,9442,45470
268.8,13627,55960
118.93,496,41103
189.67,8164,43054
148.73,2515,43287
164.57,6596,54273
117.6,260,33646
124.97,726,40141
127.67,594,38101
130.57,1676,38067
193.2,5966,41445
323.57,16931,45932
416.27,24875,55004
191.1,4539,39577
209.1,9909,42280
130.83,1616,42762
110.22,127,35016
238.43,11616,48578
137.57,2510,42011
122.93,453,39223
152.8,2241,40227
213.73,10404,47386
152.47,3508,41730
107.33,57,33742
215.8,10098,51770
132.23,1180,40638
145.2,3348,48007
120.5,1574,48934
315.27,18846,50351
190.87,5596,42060
232.4,13256,48722
120.63,703,41035
349.97,19468,44992
383.77,22835,49001
87.533,0,27604
277,12834,40852
114.47,240,39087
318.93,19043,49624
216.53,6941,46945
117.87,670,45782
131.2,1709,41635
222.73,9905,49752
175.7,6049,50018
161.7,4034,38012
153.13,4074,43034
148.4,2642,48840
140.7,2442,42783
136.57,2199,44375
213.07,10721,42967
207,10681,51287
261.87,11719,44939
140.3,1464,40078
134.6,1264,39346
339.9,18489,46099
136.7,2394,41347
198,6214,45329
150.23,2296,40005
234.93,11782,47287
90.8,0,24431
209.43,11510,60571
136.67,2190,39620
161.07,4936,43594
94.833,0,32948
165.27,4128,45553
212.47,7943,54645
225.83,7995,40085
231.17,10070,42449
143.77,3287,44995
171.13,3654,43101
186.03,6591,41279
274.17,14596,49872
226,8720,42656
120.03,600,39756
138,1530,36589
113.1,199,39530
126.87,692,41424
412.77,24611,50453
161.53,4682,46995
109.27,100,37350
146.23,1653,37535
191.73,5536,41383
286.13,13357,46538
203.97,9165,46678
217.9,9350,44154
274.67,15354,49589
199.53,8442,47239
227.9,12168,52623
194,10805,56115
149.1,2952,41235
113.1,224,34382
168.63,4180,43850
145.67,1377,36208
157.63,4810,38743
205.4,9274,49289
109.3,76,35999
167.6,3340,43365
155.1,2232,38743
146.2,3089,45236
177.63,5532,41402
129.23,1135,41384
106.23,40,33637
105.27,2,37961
174.13,4293,52183
243.77,10706,47034
236.33,10919,48193
236.77,10876,42696
332.7,20555,53836
197.5,7298,45100
201.43,7072,49126
194.63,8274,43975
164.27,5329,40479
118.13,662,39793
125.17,865,40927
113.87,194,32944
188.27,7272,40910
145.4,1251,37632
411.8,24539,51562
334.03,18242,48062
391.1,22731,52696
176.7,4860,40058
164.67,6428,53284
144.5,2602,43719
169.87,5217,46355
210.13,9113,48072
139.9,1219,39340
80,0,30261
344.23,19932,54764
129.9,919,39717
296.13,15919,54528
98.767,17,33203
103.27,17,34882
167.3,3987,38097
162.03,3061,43761
205.1,9611,47632
217.63,8570,48869
91.333,0,34755
142.63,2404,44655
118.63,295,38681
244,13052,46406
242.6,12439,44482
86.3,0,31202
127.47,554,33695
86.133,0,30776
139.57,2817,44380
120.87,383,37734
104.83,21,32525
125.67,514,33033
233.8,10254,43920
147.5,2538,42434
208.97,9509,40072
185.73,6422,41451
130.03,1563,37754
216.93,8513,49934
111.07,160,35185
249.4,12668,47256
144.2,3269,46396
126.23,1232,36943
110.2,104,36927
145.83,1352,46689
174.57,4705,42460
133.07,1926,39491
137.77,1774,41325
129.03,1293,39308
351.3,20106,51478
161.4,3768,48171
179.9,8511,48847
464.53,28689,53983
198.73,7938,45702
141.1,1598,42220
147.6,3475,46993
485.97,29903,55098
221.03,11802,51360
123.33,436,34607
341.17,19461,49621
151,3136,44695
183.8,7262,48133
243.27,10145,42802
257.8,13422,49011
154.73,2913,45089
102.57,6,37753
226.5,9050,44502
306.47,16460,46427
159.67,5177,43497
252.93,12585,44500
392.9,23490,57404
104.57,6,37841
154.47,4175,50192
135.57,1030,37955
139.9,3201,45073
256.87,11765,42903
262.57,12086,48219
122.53,411,34609
125.93,1551,49262
110.4,69,36657
157.5,4743,50373
274.83,14674,45247
168.67,4527,39462
253.97,11307,48909
119.93,336,33941
151.83,3149,41118
222.67,9780,48855
145.23,1688,47955
174.43,5576,49208
197.57,9132,47034
161.57,4240,47263
91.6,0,30819
130.6,1193,40843
205.13,5932,40456
368.33,21809,48113
162.83,3974,44417
145.03,3353,47590
121.03,647,37894
245.23,11171,44812
161.67,3820,42923
106.4,90,36406
187.7,4965,41265
110.87,92,36479
212.73,9740,49031
138.8,2157,40596
203,8321,45305
253.87,11852,42996
132.57,1193,39761
127.5,732,39754
170.83,5954,44823
157.07,5252,47479
170.57,4798,41505
145.17,1859,38518
151.6,2677,39806
204.47,8727,46372
101.4,0,38653
137.3,1771,45034
104.47,14,33513
211.57,8776,51580
130.7,974,46812
215.07,10161,46193
254.7,12991,48251
131.87,933,32107
135.7,1397,40131
104.37,70,40844
120.87,463,40547
287.57,14131,48179
161.83,4666,46948
109.53,148,38051
141.63,2195,36162
262.7,13790,48182
104.07,13,33986
322.5,17715,47096
180.47,5496,48705
124.97,658,34332
118.17,305,41042
79.833,0,28861
153.6,4238,41516
275.93,13151,49411
134.17,1043,43921
180.93,4399,36488
216.87,9588,44166
95.733,0,28327
198.33,6174,49497
233.9,11849,44288
120.37,701,34050
148.83,4046,45152
159.03,4596,40672
151.07,2912,47859
425.7,25289,51953
102.43,3,34291
144.93,1911,43557
139.9,2084,41479
521.53,30404,50848
166.43,3419,42638
113.47,141,40294
104.87,31,40643
168.3,4276,42987
193.9,5758,39672
197.77,4803,37185
105.1,11,36023
300,14704,46363
127.73,1311,39056
190.67,7206,41628
112,160,30417
221.7,10233,44856
142.47,6321,51335
153.13,3082,42757
157,3302,44194
107.47,50,37226
141.33,2164,50932
215.8,9439,44333
183.47,6025,47412
142.7,2345,44093
114.07,282,37511
202.8,8433,42679
167.47,5059,45408
137.5,3675,44844
145.67,3896,47449
169.13,4975,41936
91.367,0,31204
181.43,3901,36255
212.93,9566,42562
105.77,10,31166
130.83,748,34038
152.27,3349,41930
113.9,171,36360
89.367,0,32308
145.27,1747,39225
127.93,855,38320
83.333,0,30076
143.33,1334,41659
182.67,7259,52167
278.4,11912,40739
125.47,503,36006
115.97,374,37784
259.63,12414,44317
87.367,0,31127
125.1,1480,43232
274.17,14775,48411
181.73,5495,42560
287.83,15874,43460
304.17,16725,49031
86.533,0,32295
133.67,899,31917
191.63,5647,40702
146.37,5513,51283
202.3,8518,43274
127.17,780,39988
95.7,0,32774
176.33,6976,50911
438.23,27272,53406
110.73,101,36828
174.4,6564,43635
133.83,884,37565
102.47,18,38155
158.63,4404,45400
98.267,0,27108
403.97,25290,53763
138,2801,35225
122.3,413,35462
193.73,9395,50183
90,0,29757
178.17,4196,47629
174.3,6401,47889
140.9,2927,45891
109,53,36507
186.93,6191,41510
508.7,31378,53653
120.43,765,41734
100.43,4,35901
129.9,1757,41534
105.67,34,39191
133.3,813,33980
175.83,5871,43514
199.97,9665,45595
107.9,54,32684
236.77,10839,45895
91.367,0,31771
193.83,7681,46909
206,8367,48524
157.07,5236,48855
177.87,4674,45532
142.87,4248,48117
289.47,15183,45714
91.467,0,34403
107.8,131,42659
191.83,5513,41789
139.73,1150,39627
247.23,11634,43931
95.567,0,35497
229.63,10173,45124
101.63,0,36401
137.17,1280,35131
179.9,4161,49498
210.93,8413,43343
126.6,610,40771
132.4,1151,40154
116.33,247,34718
145.37,1254,40409
135.3,908,39427
123.6,670,36273
291.67,16624,48274
96.9,0,31978
116.17,223,38913
172.13,4719,45979
128.53,987,45492
322.8,16980,49948
153.5,2240,40615
128.3,1368,42411
147.13,3685,40486
272.1,12332,44980
269.33,13561,48898
168.5,3888,36571
181,5401,46305
215.13,9605,47623
228.17,9418,44626
268.03,12042,46050
132.03,1498,44198
228.43,9317,45346
302.57,16514,49900
203.67,7153,41148
178.63,7585,44284
118.87,313,36920
210.57,8695,43801
129.77,745,43213
122.6,978,41914
239.2,12965,53390
187.7,8620,46745
138.27,1703,42374
121.17,366,36656
111.73,129,38362
245.77,11153,49114
173.83,5523,48669
111.9,126,34559
125.23,1572,43988
96.9,0,34301
143.17,3131,47434
125.57,720,40309
89.033,0,30444
178.27,5116,42586
207.53,9235,44528
371.53,19340,52137
148.77,3267,37946
153.4,5615,46859
140.73,2503,40801
303.53,18128,50160
109.17,126,38011
175.63,4958,47139
126.57,773,41615
119.57,597,38103
150.4,4713,46881
219.03,7840,41291
185.53,6694,49428
114.5,289,34195
323.33,18193,50403
211.77,10929,54039
207.4,19563,71232
145.47,2312,39133
165.53,3948,46975
108.3,100,37195
160.47,4313,45659
182.4,5337,44041
229.9,10709,54127
249.77,12128,46947
201.1,7780,47653
346.47,22427,51168
288.47,13591,45061
224.67,12328,53203
169.7,5589,45510
179.43,6852,42932
115.5,408,38498
220.73,8604,39128
138.27,1803,45412
159.07,3924,37934
146.7,2304,38119
99.267,0,32637
233.97,7870,42876
250.8,11859,41729
221.63,10343,43149
108.37,55,34561
95.033,0,34655
196.6,6840,41837
115.4,221,37162
136.27,1438,38193
135.7,1385,43045
474.67,29930,55635
411.77,24764,50051
182.9,5996,47039
215.37,9620,49755
118.2,411,39114
155.87,5623,50955
178.47,4441,47915
233.17,12187,48301
96.967,0,31048
140.9,2717,42470
182.57,5256,44224
213.5,18566,64796
197.7,11930,56376
193.8,5819,37325
211.1,9836,45713
275.9,15368,50648
110.97,183,37581
87.667,0,31023
123.4,469,38986
132.9,1500,40221
166.57,6181,50390
207.87,7317,45117
135.27,1509,38636
138.3,1610,39132
141.83,2247,39226
109.4,80,41265
225.33,11354,44963
179.87,3714,39450
116.1,426,36439
115.4,194,38415
193,7336,44990
405.37,23888,52891
120.63,493,35135
120.13,354,35842
172.33,5369,48190
165.07,3959,39354
196.83,10284,56653
305.87,16861,47608
161.53,4920,39791
229.03,10789,44928
131.03,1365,37523
373.07,23483,52520
150.63,3965,44184
91,0,34467
237.5,12682,51702
165.07,3720,42327
128.53,702,35674
180.47,6124,41111
156.43,4140,43814
147.1,2371,42502
86.5,0,29432
105.67,22,37357
113.57,168,37579
132.57,778,37634
141.77,2474,43066
222.43,9511,43664
359.67,22024,51861
255.07,12695,49672
136.33,2325,43958
134,956,39479
136.03,1242,39158
115.87,286,34850
249.83,13586,46988
103.53,34,40233
104.9,26,35112
213.6,8548,42813
180.13,5504,42020
128,625,38509
360.87,20359,49585
106.2,42,33039
118.83,315,31797
159.9,3100,38180
326.5,16611,45561
130.93,919,35028
322.2,17144,46684
291.8,14755,45894
198.13,8836,47671
165.9,5228,48282
281.07,16468,56081
173.17,6808,40728
228.03,10822,49432
284.23,13844,43188
277.13,12978,46017
142.8,1567,34298
88.933,0,30574
158.33,2322,40394
97.7,3,36072
147.6,4440,46528
198.9,8891,56719
131.8,1276,40978
132.83,1309,41829
142.67,2482,44546
127.1,682,40041
112.9,167,42491
289.8,14814,52544
308.4,17342,47070
182.83,4721,46049
458.93,27754,50585
165.2,3155,36292
160.4,5211,51453
408.53,24681,54015
272.1,14885,53423
124.33,471,39845
228.6,9675,48898
118.33,400,38542
161.63,2119,45476
113.77,274,41694
110.37,175,38332
130.97,1406,42382
271.23,14721,56412
143.8,2078,42767
245.2,11935,45407
115.97,237,41495
130.77,1229,40947
130.4,746,36780
171.73,4637,41695
123.23,868,36752
75.1,0,25072
128.83,961,38339
131.43,1210,45873
292.7,14299,43929
132.83,1663,42620
100.4,0,36945
82.067,0,25235
120.27,382,39790
154.3,5010,50065
166.17,6431,51504
268.17,14789,47463
157.93,3871,40001
92.633,0,34776
177.77,5820,40579
189.43,7635,50915
117,438,34926
125.6,644,42217
152.83,3166,44716
154.43,2200,37359
384.3,23361,51466
178.9,5962,48468
157.6,3468,45739
107.63,111,38938
205.23,9418,46002
111.23,306,45001
157.4,2446,37779
95.267,0,33494
271.6,12759,39915
137.27,2245,47009
350.6,19125,49133
339.13,18733,47811
373.27,20400,50608
197.23,7437,43766
241.97,13742,50980
274.2,14305,55160
96.8,19,31520
186.23,5643,43193
202.4,6199,48113
128.8,1291,36439
91.333,0,35121
262.57,12881,48685
124,474,40215
109.83,79,28808
235.97,10663,46755
135.6,2049,42325
155.23,3964,41799
143.87,2023,43750
234.63,10987,46792
158.67,5578,48037
124.9,1224,41486
108.33,39,37948
237.93,12179,53413
98.733,6,35358
134.7,905,39509
166.7,5428,44210
202.63,8440,49623
193.97,7510,46956
204.47,11219,45223
83.933,0,32226
317.2,16937,44871
151,2994,40140
160.17,3223,42496
214.77,11118,45622
109.1,69,37461
294.77,14140,40521
150.77,3175,42561
147.67,2840,41565
309.93,17770,49614
156.77,4845,50729
153.13,3496,39912
296.53,16372,49567
139.53,2152,42168
121.77,418,39482
115.37,207,35835
190.13,7460,47074
128.2,673,36731
215.17,8964,54005
74.7,0,29649
286.5,14621,50963
188.43,6770,47571
83.9,0,26363
296.7,14211,47930
233.73,9455,40475
174.73,5720,44520
112.23,105,36633
106.13,34,38579
142.2,1774,44697
111.7,131,29273
243.5,10832,50059
205.93,7986,49761
453.77,26774,48701
157.93,5036,49789
309.77,17631,50264
170,4046,39328
228.33,10806,50658
132.5,1850,42250
134.23,1136,40554
140.3,1679,41559
333.57,18556,50343
98.733,0,31726
192.97,6542,48063
136.4,1675,40059
226.9,8983,43509
86.567,0,32628
183.37,5361,41048
107.4,172,36981
137.53,1914,38971
165.63,4075,42333
120.17,513,42360
141.97,2488,43588
245.97,11641,57021
85.1,0,27019
126.7,1184,39898
112.87,196,38862
138.8,1477,40728
149.77,2301,40944
156.83,4401,42681
201.63,9249,43052
132.6,982,38156
148.53,3475,44851
206.4,7629,43709
303.47,16623,45107
119.8,394,38676
149.93,2452,42386
98.167,0,32845
113.6,242,36030
184.23,5357,43355
207.63,7543,42914
160.67,3599,37722
355.87,20711,50409
426.67,26064,51556
170,3350,45831
149.27,3090,41041
174.8,5796,52423
215.67,7613,43037
229.3,10284,48017
234.43,9107,40236
203.17,7735,42650
129.67,1677,41290
163.03,3608,47536
91.733,0,27160
317.27,20224,51024
158.87,6180,51193
99.9,0,35918
336.47,20107,50994
420.83,27211,53529
142.1,2060,43964
220.9,9477,46586
135.7,2374,39374
137.6,3950,51782
134.7,2574,47135
158.07,4320,45500
294.4,17062,49233
101.73,0,35829
153.67,3151,43917
148.17,2557,42421
200.33,6825,45376
152.13,5904,48883
332.5,17275,46708
153,2027,41072
275.4,14472,45677
138.77,2684,39253
125.83,1220,46715
111.43,185,36223
248.13,10601,47153
277.2,13913,44224
112.23,121,39039
149.63,4181,42288
98.833,0,37872
123.4,466,39417
142.57,2360,39851
97.5,0,32247
120.5,698,37480
95.4,0,32132
206.1,9921,46752
143.83,2934,39835
131.5,1621,44128
177.1,5757,45660
177.2,6937,43950
143.73,3218,46119
201.7,8389,46692
189.93,6918,43795
148.87,6241,52015
103.37,8,37920
141,2450,39804
634.63,37257,57391
165.33,7144,51364
100.5,0,31114
138.3,1658,44888
139.77,2603,44720
199.77,7844,46951
161.6,3889,47663
163.77,4670,42930
124.53,584,38294
109.5,109,33553
107.03,79,34171
109.2,138,40728
124.97,749,42401
166.1,5392,47119
341.57,18004,48050
105.13,15,40952
223.97,10080,48145
203.57,8210,42895
177.33,5101,42251
252.07,11434,49050
111.3,166,36392
137.33,1327,38373
145.67,1714,42777
260.87,14208,51400
162.03,3605,40997
246.5,13587,52857
112.57,120,35689
125.43,524,44021
181.37,5700,45824
65.667,0,22315
123.83,465,38522
152.07,4879,50467
171.4,7783,48708
160.93,4054,41027
137.07,886,37269
141.27,1919,41437
205.43,5951,45402
135.63,1810,43307
121.6,530,38175
149.2,2407,44926
114.87,181,36145
150.33,1972,43828
302.4,18194,49898
146.13,3423,46163
106.73,39,33515
110.53,101,34046
110.8,164,31117
152.73,3646,47153
171.93,3681,43313
82.033,0,23825
361.47,21192,50836
171.47,7224,50775
158.57,3725,44913
234.43,11560,44704
197.6,10814,58450
106.73,34,32851
215.73,10507,47730
152.43,3110,34824
141.5,3198,48574
349.97,20495,55201
80.433,0,29605
102.63,0,35126
155.43,3919,42668
294.57,17051,52483
171.93,4566,38383
147.83,2059,44040
374.83,22870,48246
243.87,11090,50677
112.43,164,33907
196.27,7699,48697
98.8,0,37077
151,1819,39417
146.73,2795,42893
223.97,10776,46258
183.13,6248,43482
186.93,6254,44987
167.43,4208,41316
113.57,144,32466
303.67,19472,50355
129.57,908,41270
143.3,1900,39704
119.57,489,37073
108.37,161,41832
278.47,14437,47247
114.23,343,42350
335.63,19432,49710
125.03,584,39310
290.57,14663,46324
412.33,25346,50132
123.1,1005,38352
119.47,357,36686
188.73,8502,49912
90.033,0,30605
246.53,12190,50373
93.5,0,31228
200.07,7962,43107
290.93,15937,50048
363.97,21584,49193
210.43,10328,49385
180.1,4395,49618
115.17,201,33649
138.57,1269,30437
95.167,0,35195
137.13,1563,36942
93.2,0,30188
301.3,14708,44437
137.9,1043,30764
315.13,18174,47628
110.5,113,38329
120.03,366,37134
141.8,2010,44129
112.97,141,37887
147.1,3087,45381
125.81,1278,44708
116.9,480,39051
103.07,8,37741
155.5,4502,41573
226.57,10267,45031
229.63,10414,41912
159.93,4688,47696
440.27,28300,52611
119.47,329,36842
96.733,0,32695
133.8,1488,43607
177.63,4423,34749
141.93,1940,35301
241,10407,44840
189.4,8104,48032
170.3,4859,42566
253.43,12063,43342
190.27,7795,48536
123.1,469,40876
93.867,0,29898
223.9,10987,50978
89.167,0,30521
148.57,4334,43195
78.633,0,27772
305.33,16820,49693
134.8,1790,39232
171.67,5289,39630
318.33,19865,52196
221.37,9307,44528
129.37,860,37360
122.2,396,38456
383.5,23607,50189
157.47,2777,40946
130.1,1736,41030
108.83,191,34938
149.97,3885,47299
116.5,230,36250
123.17,1149,45609
207.9,6969,44791
242.97,11012,45632
114.5,309,41005
161.33,2159,39210
191.57,10611,56270
306.43,18225,47497
249.77,12414,49277
108.2,19,39911
154.33,1789,39793
104.37,1,37748
246.77,14335,51794
123,709,40141
128.4,856,34769
260.23,13149,47364
87,0,28823
121.43,726,43805
269.17,13716,41589
157.07,3511,46263
98,0,36661
233.77,10988,47254
272.63,13173,50746
228.5,9571,44392
136.43,1711,42395
569.67,31682,52837
109.07,130,31168
104.12,0,31401
131.3,1646,40362
172.77,4422,48462
110.27,147,36221
248.7,11441,47740
124.47,709,39831
116.17,216,38206
174.3,6300,39632
182.57,3538,43123
114.07,188,38243
121.6,477,38692
373.27,21533,48206
91.3,0,32620
356.53,22689,52174
228.47,10132,48889
143.27,3163,46383
135.75,978,42751
154.83,4271,49561
143.37,2871,41944
118.27,516,42739
88.167,0,31133
147.77,3389,49134
163.4,3257,39369
130.5,1844,45225
82.433,0,31272
154.4,1650,35927
158.5,2829,42444
133.4,1065,44493
288.1,17068,47403
142.6,1679,41172
219.53,9664,45359
307.5,17182,47924
130.43,1702,41641
250.27,13877,47152
227.1,12215,47746
222.8,10027,44285
235.37,10204,42694
223.87,9071,44082
111.93,243,38169
179.23,5146,40701
123.03,1426,46883
135.94,812,41324
120.9,522,41613
94.2,0,33226
234.73,12936,51136
141.37,2332,43880
432.73,26596,50973
125.47,865,39647
150.3,5161,46213
165.33,4814,43324
252.93,13335,49641
160.47,2065,38677
171.7,4543,42512
176.23,4044,35564
117.43,335,37966
340.37,19334,47934
269.87,14383,51729
117.9,311,39830
277.87,15273,45865
135.7,2007,48331
87.967,0,31913
331.87,20395,50757
98.733,0,30183
128.3,1112,44038
118.5,517,37019
205.4,8883,44261
167.03,4988,41738
214.5,8075,47097
178,7134,42308
131.83,1047,39792
91.933,0,29628
211.3,8042,41473
113.3,219,35196
159.57,3323,47551
108.77,139,33459
181.67,6424,53232
137,2447,37319
136.53,1662,39138
145.5,2783,44647
311.27,15675,47926
83.1,0,30545
371.47,21827,56087
322.77,17774,51674
161.23,2932,44637
113.03,142,37500
121.47,433,35799
167.73,5217,47561
282.5,14785,49463
189.63,5932,46298
123.27,739,48105
104,40,33513
118.7,625,45956
253.2,12707,50988
135,1001,40727
110.17,85,37567
142.2,2244,38422
162.63,4514,40539
109.1,120,36700
111.47,165,36552
462.97,29978,54321
189.57,6976,50615
136.57,852,35861
149.77,3407,37226
292.47,14255,46613
136.07,2154,47782
261.5,14042,46275
140.33,2318,39793
93.533,0,35911
134.97,1665,44882
149.33,3233,42321
117.3,261,40455
260.4,14342,49243
199.9,9798,44663
144.93,1811,39203
229.4,10147,42734
116.37,272,40456
163.6,5120,44107
187.63,6253,47279
187.23,6705,40608
198.63,8588,48073
117.53,802,46945
153.57,3318,41348
113.87,173,33141
153.67,2636,33499
167.77,4850,48466
117.47,276,36056
121.97,389,36206
163.07,4192,40305
216.37,9393,40910
172.87,3644,37753
174.1,8558,55761
409.27,25198,57772
157.53,2835,29004
109.6,66,34384
122.47,444,36720
130.6,1965,44796
148.3,2757,45396
181.33,5316,43648
188.37,6042,42491
135.63,1647,38699
149.77,4023,44219
121.2,634,40620
141.77,4552,44037
191.1,12060,56361
157.63,2370,36132
212.27,7064,43843
331.9,17338,48714
119.27,416,39924
271.73,13891,44489
101.57,34,34153
165.67,4615,46587
121.7,476,35423
154.37,2086,39231
165.07,5355,46310
101.97,0,34255
344.03,18199,44203
104.77,8,38487
94.267,0,33948
97.067,0,30485
436.4,25518,52416
131.5,1212,43111
118.23,291,29301
315.13,17803,45020
166.3,4493,44619
355.73,21739,52831
195.57,7418,46526
139.7,2343,38319
85.5,0,30869
254.7,14161,47209
243.27,10858,48234
153.57,3170,45117
145.27,2039,41762
143,2446,41570
343.63,19940,48118
107.87,95,37953
229.83,11032,51194
186.23,5494,39903
275.1,13670,46528
202.4,9903,57088
133.83,1164,36652
135,2597,45965
275.73,14093,46955
138.4,1525,43611
164.47,2814,42815
272.93,13686,45949
192.97,7677,50371
293.17,15696,49282
319,17579,43905
292.53,14950,46108
380.1,21572,49206
125.13,1125,39225
128.77,1102,39492
146.6,3355,47695
261.83,13946,48405
124.67,683,38278
288.63,17290,62964
131.8,1222,35556
193.8,8236,44472
128.03,722,39465
122.8,973,46974
295.03,14493,49731
117.17,362,37772
167.8,6150,45721
165.07,4375,46607
142.33,4141,55263
109.4,152,41010
205.63,9340,43489
111.83,115,36999
97.433,1,30321
230.13,12523,48729
130.43,933,40495
313.93,18599,53568
141.17,1325,41904
252.07,14368,50296
159.67,5105,41641
308.4,16115,46783
108.13,113,40160
192,4542,39173
126.2,1423,46505
180.93,6180,42467
228.43,9648,47996
108,124,35946
156.2,3013,44371
171.57,4349,38226
295.17,15553,49585
236.43,9582,42908
222.9,9133,44219
115.3,252,38659
294.9,17304,48728
103,8,37073
223.63,9989,55011
151,2559,42716
190.6,7991,46825
127.93,1360,42653
74.8,0,28068
163.27,5036,39023
315,16149,49442
138,1709,39963
166.13,6466,46712
106.47,31,37092
183.47,7920,46317
95.833,0,33133
204.77,8664,43238
115.7,230,37656
197.5,7347,48351
442.57,27586,51477
187.8,6829,47273
119.97,508,29598
274.4,13160,46470
171.6,3769,48320
172,5191,50840
212.1,9156,45521
125.53,1021,43970
118.4,470,40134
107.6,39,33244
118.63,307,35417
86.667,0,30867
248.93,13080,54316
87,0,31065
178.43,5408,48723
109.03,127,37721
135.53,1570,38870
357.97,20502,48628
93.533,0,33294
93.9,0,31313
111.7,107,35503
141.9,2095,42068
131.93,816,38689
127.83,871,38180
140,2962,44613
137.33,2292,42246
272.47,12482,45910
165.77,3127,45331
108.1,65,39753
236.77,10589,44284
155.37,2397,45079
181.2,4185,44932
206.5,7998,43762
189.37,6299,43835
112.3,203,37222
237.23,11557,48460
108.6,89,38040
166.13,5445,47698
104.23,0,36178
136.43,2194,35768
449.87,28257,52629
127.77,661,34940
241.43,12236,48585
142.47,1549,45204
93.6,0,36175
239.57,13634,47843
197.4,7755,46747
287.7,14704,47516
173.83,5842,44717
241.27,10561,43547
98.767,0,35732
131.07,746,35531
210.73,6276,35143
175.63,5261,47942
305.23,17165,51970
319.33,18849,50530
173.53,5233,41562
232.9,10019,44812
246.07,12081,42908
103.27,7,39369
243,10922,46784
134.9,900,31440
248.13,12719,48773
271.3,14966,53255
371.17,22077,55389
205.67,9543,44442
194.8,7640,41829
303.13,16372,49577
119.63,528,41930
138.23,1363,34136
147,2719,41591
110.77,153,37988
359.5,21145,48423
216.73,7176,40436
220.23,9055,43887
137.6,1872,43303
163.3,3238,36074
211.6,7929,47105
145.83,3154,43445
97.333,0,39430
239.47,9774,42571
213.4,9392,46928
163.6,6094,42366
187.73,6941,42650
177.97,5508,41039
125.03,1365,47179
253,12665,49989
117.27,627,41850
118.4,292,34872
223.47,8362,40834
170.77,4129,38618
164.9,2527,37322
159.13,3443,43544
113.53,160,37316
127.57,1151,39700
177.8,6540,44441
169.37,5386,44574
181.4,6462,41338
129.13,1814,43058
168.5,6622,47137
148.1,3331,39656
210.03,10097,48396
107.27,18,39623
351.7,18099,45719
171.8,5122,45230
208.93,8849,45907
309.73,21450,62957
199.33,8061,46378
95.333,0,31190
229.37,10252,43848
165.6,6609,48282
326.33,17907,47806
100.6,11,38575
204.2,8782,47764
225.27,8804,43415
260.83,14787,46421
362.6,22347,49369
398.3,23699,54133
178.6,6229,48120
103.87,21,33848
101.77,0,35054
104.9,51,38289
100.03,3,34763
136.43,1997,42515
422.67,25943,51909
253.9,10630,47941
108.8,61,38739
103.4,30,26658
173.43,5590,39767
354.37,22041,50939
349.4,20960,50783
303.93,15491,49978
244.67,9817,38941
136.13,1589,33794
120.73,355,39556
161.33,4910,50407
160.43,4500,44905
231.57,9829,51161
145.57,5943,51862
437.67,27700,51263
168.73,3396,42599
98.267,0,33437
230.23,9741,44817
108.17,82,40637
136.4,1350,40749
104,23,35438
146.9,2158,38574
89.067,0,26781
257.63,11639,41574
133.2,767,33547
123.67,808,38743
150.53,1398,38170
165.27,3740,45163
189.43,7562,47911
114.93,184,37581
117.43,265,33733
373.93,23178,51797
146.63,2986,46000
145.63,2965,39316
228.27,12342,48250
91.633,0,29224
126.63,708,37978
345.4,19385,45190
324.17,18034,46277
162.5,3773,44279
252.07,10133,42058
109.7,77,36482
282.07,15757,47338
121.03,1070,41634
196.5,5443,45063
123.8,492,36125
109.7,62,34877
187.87,4938,39964
179.93,7627,45254
122.43,742,45019
128.4,1293,36057
137.57,2355,44851
177.63,5355,42926
183.43,6990,46771
100.9,13,38812
101.57,18,34270
134.7,1716,37854
226.77,10562,49007
125.03,718,41710
166.8,4851,50325
104.3,20,35105
128.57,1105,38642
196.07,8272,47739
173.47,4544,40595
125.43,513,33806
291.53,17163,51841
221.17,9896,44338
116.97,308,38958
117.07,377,41616
134.83,1108,39690
276.4,14614,51979
119.33,639,35599
125.87,966,36206
103.23,11,35831
109,33,39847
137.53,3373,44492
128.27,1551,37862
204.27,7776,47501
144,2023,43541
116.67,258,29989
186.6,4053,46802
99.933,5,29817
221.03,13684,55552
105.57,20,41457
257.57,12199,41875
127.07,1293,40848
140.17,1018,34860
186.2,4956,45224
78.733,0,26990
116.13,224,32619
122.5,702,42199
183.97,5469,39026
141.63,1299,42367
116.47,459,34310
111.23,99,40145
121.13,365,35443
97.733,1,35969
133.6,1430,37479
257.5,11967,50339
196.8,7669,49087
333.93,18676,46611
95.033,0,35225
278.1,15352,53081
115.83,400,42042
191,6442,38721
174.23,3230,42539
96.633,0,27607
116.53,395,41361
149,3203,42503
117.7,360,39073
128.43,992,42474
155.33,3554,41167
326.13,18399,48400
234.13,7496,43758
102.53,7,28122
100.87,0,33489
414.57,22502,47173
113.33,140,38672
302.83,15101,44482
121.77,640,40105
115.63,203,33513
197.63,8368,49672
163.33,4699,40225
212.13,8845,42337
230.67,12040,46413
147.97,2036,43023
265.7,13704,45827
121.8,649,34689
118.2,414,44919
328.37,18498,52812
155.97,3717,42607
209.3,7228,48593
204.1,9484,46416
241.53,13191,49145
176.77,4511,40307
230.87,9919,43978
179.7,7015,49382
150.23,2460,47697
389.23,22837,49904
104.43,26,34413
102.7,15,42617
85.667,0,27558
107.53,40,37936
117.73,335,36045
111.73,181,38791
131.57,1515,41272
107.83,43,33309
147.9,2613,45085
103.93,8,34287
255.87,12398,46357
102.27,31,34735
155.53,4926,50126
92.6,0,32519
91.7,0,31519
92.1,0,33921
426.87,26559,50605
169.03,4968,49894
111.6,207,40983
318.73,16288,46754
124.2,721,43633
257.47,12562,43054
347.3,18709,46391
179.9,5614,42981
215.53,9924,46109
109.97,107,34096
193,8608,43794
175.53,6279,45240
101.9,6,36030
99.7,10,35166
231.37,12203,50202
200.93,7228,43914
141.47,3154,45321
113.73,180,39353
344.23,15891,43207
140.3,2042,37991
121.73,428,41979
138.2,2027,44105
204.47,8757,41429
81.033,0,28772
152.83,2118,40193
172.8,5210,46424
112.93,153,40024
147.8,1945,43943
113.5,184,39059
387.1,22711,47722
130.97,1037,37382
138.67,2718,43954
158.63,4923,46968
158.53,4582,44044
179.5,6444,43365
112.27,188,35592
147.2,3786,47456
167.4,3981,45428
437.63,28103,56567
161.97,4768,41200
150.77,2687,43675
135.73,1282,41915
406.8,23708,52401
104.33,26,32867
103.9,20,32975
141.07,2758,44170
88.8,0,26025
172.27,6792,50224
94.033,0,30620
121.13,389,40930
196.07,7093,41780
129.17,799,38612
257.9,13102,46664
167.47,2535,41929
122.4,575,36267
117.87,472,46800
126.43,559,36129
253.9,13021,47991
106.23,22,36935
181.67,4808,41749
223.17,9648,42681
147,3563,42821
94.633,0,37038
211.33,9362,50099
183.07,5667,42452
116.37,235,37400
209.97,7492,39780
119.87,1138,39735
179.37,5419,42791
170,3948,43435
185.8,8981,52746
268.83,14993,51945
304.97,16943,45642
134.43,1350,39548
209.1,9424,47927
165,4840,43486
173.43,3299,42404
445.3,26757,54873
141.87,3232,43806
107.23,23,37438
155.23,3862,40706
328.37,18720,52356
93.233,0,35793
140.17,1230,37741
154.57,3927,37672
117.3,374,38339
407.77,25361,49981
96.167,0,37065
135.9,1105,44122
151.5,3134,42707
120.5,849,37824
149.67,3811,40978
131.4,1362,43429
252,12189,44065
115,305,40475
155.97,3241,43592
495.07,29987,53342
132.4,1973,45011
134.43,1263,37454
187.9,8389,47244
175,5651,42818
221.57,10389,44112
146.27,3035,38852
118.9,740,43098
368.93,20308,48446
148.97,3233,40515
651.4,40357,60471
186.9,9373,54808
500.5,32142,58538
328.07,18661,47464
124.37,915,43990
113.13,205,39382
163.63,3541,42298
281.17,14435,46915
115.03,281,40269
281.03,14303,48403
107.5,32,33579
202.27,9415,50333
193.37,5967,43791
188.27,4194,45295
121.07,376,41606
108.23,56,36386
122.17,760,39046
165.47,5501,43343
245.13,10469,43412
88.933,0,28330
361.9,19833,45128
117,365,36009
178.47,7117,45729
226.57,10663,47029
176.43,4281,40170
204.2,9326,46028
173.7,6101,42326
105.93,10,36240
125.27,810,40331
202.73,7757,47226
96,0,35030
132.9,2304,46640
95.867,0,34179
227.77,11454,42613
105.3,9,34431
115.9,232,37858
193.4,6825,38707
253.2,13411,51671
151.3,3942,41994
131.03,1516,37660
222.83,9304,45807
129.83,754,36206
337.37,19420,52966
135,1846,44720
92.8,0,29414
107.57,38,35555
141.73,1197,37705
135.1,1327,41597
366.77,20789,49111
105.97,55,39857
175.47,5961,42547
153.2,6967,55503
282.33,16771,51491
135.97,1321,40387
98.033,0,34422
180,7364,53120
141.67,1627,45068
156.27,3362,45838
109.1,122,45629
120.63,401,32443
166.53,5783,48005
88.4,0,31374
92.367,0,32679
105.17,53,32462
169,6993,41787
278.23,12407,48870
228.57,8641,51843
131.63,2855,50576
198.57,8470,47365
116.7,311,38396
355.93,20109,45963
164.13,4110,45999
306.37,15570,46291
217.97,10208,49877
122.4,691,41501
202.07,5436,41175
106.27,38,30005
371.4,20866,48092
221.97,10061,40225
72.8,0,23285
163.5,8106,52226
78.667,0,30965
169.4,4899,45139
120.7,563,34107
183.57,5825,46792
127.63,838,44190
114.5,233,42285
274.1,14615,51458
180.17,7143,48491
117.2,342,33857
413.23,23806,51860
280.87,14204,43453
91.333,0,27547
151.83,2631,38359
103.83,45,32924
111.43,157,39090
144.4,1907,41717
427.87,24887,52270
163.17,3401,48043
254.37,11377,43621
123.1,739,43178
116.67,243,34609
317.13,19129,51671
111.77,128,31816
155.9,2748,40912
346.67,19943,50692
102.1,1,35374
90.433,0,35146
161.33,4034,43091
140.77,1626,42012
115.93,216,34193
118.37,289,35839
99.3,0,33542
210.3,9171,45036
165.5,5875,47454
129.4,1511,46247
202.2,7935,43383
117.77,583,42532
104.63,7,33387
399.33,22779,49498
150.9,3114,40212
116.63,266,34931
93.033,0,31525
222.2,9464,48224
95.167,0,34896
119.63,409,38904
245.8,10959,42031
88.6,0,32141
227.4,10404,46969
317,17691,48420
146.2,4313,50166
125.1,1098,41274
126.6,842,42595
142.37,2406,45348
130.97,1049,37249
140.93,1608,39233
218.97,8801,47824
478.6,28378,52635
125.6,531,36759
242.5,11793,45079
99.9,0,30222
103.13,6,35907
249.4,12234,47982
190.07,5783,41367
138.3,3178,47138
74.8,0,26684
235.27,10476,42014
210.67,9094,45778
102,2,30235
133.4,828,37986
272.67,15266,53914
185.23,8130,52087
140.07,1765,46317
195.07,7162,48578
110.27,111,35945
154.5,2746,44674
176.53,3605,38034
100.13,0,34468
140.53,2216,44613
95.967,0,38667
173.73,8003,51538
262.8,14400,46421
165.63,4566,41716
212.67,9615,46942
127.63,909,39973
94.867,0,31276
240.1,10824,43674
80.033,0,30079
146.7,2450,42485
104.9,13,37572
116,247,31460
127.4,1453,41859
241.1,10994,47697
107.81,78,41512
110.93,77,37536
181.4,6341,41760
167.77,6015,49932
360.87,22702,51848
83.3,0,27453
106.67,46,30783
106.93,118,37745
115.37,338,38053
294.5,16523,50562
108.63,66,37621
88.167,0,31143
102.5,2,34690
130.2,734,38171
156.57,5537,47858
188.97,7649,46917
120.47,344,41231
221.57,12881,55249
201.07,7689,45154
115,259,31525
250.8,13639,51417
148.77,1547,34986
166.53,4828,46951
122.37,529,37135
270.77,11715,45808
236.6,12951,53336
280.47,14826,47139
132.63,1630,41853
252.17,11890,50480
252.57,12330,44454
104.23,67,34392
164.87,4149,39361
140.47,1675,38755
145.8,2648,46636
111.33,175,36745
171.63,5407,44173
110.57,145,38572
258.1,13786,48448
186.73,7344,42927
274.63,13843,44855
252.2,12541,48177
119.63,355,43086
250.87,11922,45235
251.43,12047,48294
184.57,6249,43302
135.1,1185,39458
134.47,1581,40789
252.73,12256,48196
128.3,767,33090
169.03,4073,42296
152.7,2620,40506
177.2,6546,40089
168,3409,36715
352.4,20225,45339
114.1,427,38491
165.4,3723,43936
112.83,125,40140
213.4,9063,43493
110.4,94,37686
197.27,8366,40943
76.067,0,29255
169.67,4675,44824
130.5,665,40143
185.73,4966,48091
86.467,0,26828
247.13,12174,49352
425.57,25126,52692
126.23,1168,39988
126.5,1119,41468
181.83,6811,44533
251.7,14063,48111
119.8,384,42625
127.5,559,37944
358.73,20995,49848
107.47,29,35240
250.6,9626,37194
119.57,381,35267
131,2641,40683
124.47,546,34730
142.6,1868,40356
297.3,14694,51150
124.03,903,37892
239.73,13231,49569
136.37,2065,44198
151.83,4001,46137
110.6,111,37068
162.43,2566,46797
244.53,12590,46279
120.47,354,39812
230.2,11666,51242
195.53,8359,52256
130.97,1496,41263
102.27,1,36838
449.43,27561,54794
143.8,3034,42416
131.43,900,32856
179.83,6238,41344
85.067,0,32749
141.7,2644,40567
115.67,387,43495
133.93,2124,43654
109.13,162,41716
115.83,256,37376
131.23,2463,44117
182.5,5187,42745
209.03,7466,42442
129.23,1171,37406
391.5,23113,49786
204.07,8138,45459
244.77,11965,52164
208.1,8863,52198
105.33,39,34790
393.67,20826,44663
180.7,7123,45399
124.47,574,40706
164.27,4908,44741
158.7,4421,47336
201.73,7787,39576
