555.73,32992,56992
61.833,0,3571
61.067,0,6854
66.933,0,8727
62.667,0,4822
61.967,0,4428
71.867,0,16727
70.033,0,3823
63.867,0,3813
66.1,0,4540
179.87,4594,28567
1112.3,57076,75837
189.5,5075,30175
74.6,0,6202
66.5,0,9649
294.93,14378,38304
53.533,0,8765
67.9,0,8999
65.133,0,3503
62.133,0,14842
191.03,6476,31823
52.467,0,4769
715.87,42120,63924
526.67,29247,51967
107.8,66,23219
71.8,0,4496
59.567,0,16858
85.867,0,20387
73.9,0,8618
69,0,4740
68.1,0,3649
291.67,14519,39907
62.6,0,14859
57.4,0,4225
194.77,6300,32361
70.2,0,12586
68.8,0,3744
62.933,0,3763
65.767,0,3565
85.133,4,4546
68.7,0,16555
79.3,0,4645
268.37,11908,36470
331.7,19001,43308
68.033,0,4094
72.7,0,4308
72.833,0,6250
60.8,0,4439
118.73,319,22946
56.067,0,3293
61.233,0,7219
71.1,0,6559
310.2,14643,38704
69.6,0,3676
60.267,0,4581
72.133,0,12369
71.667,0,12915
69.233,0,4561
69.2,0,3967
63.067,0,4030
1124.3,60356,79919
70.9,0,3874
61.833,0,6517
58.233,0,3633
71.933,0,15788
124.93,746,23271
90.267,0,18508
52.4,0,2851
64.767,0,10804
44.367,0,4628
61.633,0,9074
62.833,0,3800
60.033,0,3406
163.2,3778,29552
72.867,0,4119
58.5,0,3442
64.933,0,3990
67.8,0,4031
77.167,0,4035
61.5,0,4177
68,0,7064
310.93,16071,41350
59.433,0,13847
64.167,0,3710
65.533,0,3607
57.6,0,3811
79.967,0,4376
61.067,0,3752
119.07,337,22593
236.97,9686,36017
57.5,0,4253
70.367,0,4149
368.7,21127,45058
181.77,5298,29482
431.5,24161,48173
163.8,3522,27011
64.667,0,7286
71.9,0,4382
71.533,0,3966
60.133,0,3896
51.8,0,2914
77.1,0,4338
72.9,0,8197
460.97,26181,49103
70,0,4017
65.4,0,3546
59.633,0,3524
65.2,0,9968
68.667,0,4850
63.167,0,4431
73.9,0,6539
56.5,0,6070
188.1,6024,31810
69.067,0,3595
75.267,0,3611
87.667,0,9051
70.567,0,3989
63.167,0,15255
60,0,3421
76.5,0,4117
73.9,0,11492
62.6,0,4328
213.87,8054,32354
57.267,0,3238
73.5,0,4284
65.567,0,4011
80.533,0,4501
490.63,27878,50367
70.933,0,3731
73.067,0,15691
74.833,0,3755
50.233,0,2811
52.8,0,4002
92.533,0,20130
77.8,0,4251
573.27,32028,53484
60.5,0,3288
96.833,0,21762
74.233,0,4987
291.1,15458,39467
75.733,0,12087
73.533,0,3691
60.067,0,3627
69.133,0,14664
58.3,0,4481
476.3,27192,49200
65.367,0,3603
67.333,0,5598
407.93,22434,45338
72.533,0,17443
509.07,29909,53187
75.367,0,3911
70.533,0,3887
60.167,0,3458
58.967,0,4028
1060.7,54120,73299
112.37,137,23529
67.033,0,4056
131.77,1525,25841
71.233,0,7295
65.433,0,4060
73.267,0,4156
65.1,0,3964
181.27,4712,30285
75.533,0,4306
70.2,0,6731
278.53,11744,37568
71.567,0,8232
68.833,0,3608
241.3,9503,35203
282.67,12185,34811
76.967,0,4826
377.8,20504,44649
245.77,11703,37226
296.73,14103,38945
508.77,28308,49466
62.767,0,3585
74.8,0,5067
76.7,0,4294
134.6,873,22886
59.233,0,3467
63.733,0,6683
74.967,0,4781
65.233,0,3449
81.433,0,4959
76.433,0,3945
59.2,0,4422
69.8,0,12890
75.6,0,4072
121.17,500,24419
355.03,18596,42281
60.033,0,3883
78.1,0,4581
63.2,0,3545
56.667,0,7121
545.8,32214,53392
67.933,0,9510
96.167,0,20446
158.43,3562,29479
76.6,0,9348
83.967,0,18839
547.47,30493,52806
69.4,0,3782
71.733,0,3841
53.333,0,3428
309.2,16214,40863
157.03,2968,27315
86,0,6034
174.87,4957,29011
165.77,3101,26630
61.533,0,3361
369.63,20709,44338
67.467,0,10616
51.2,0,3100
69.033,0,3693
80.367,0,18909
60.867,0,3376
80.633,0,8878
69.633,0,6716
73.767,0,3836
127.87,939,26419
73.533,0,12521
206.27,6790,31624
54.2,0,3553
57.2,0,3211
69.733,0,6510
64.6,0,3809
64.567,0,4134
58.867,0,3158
62.333,0,3569
64.033,0,3553
316.77,16651,40650
218.07,8103,34216
60.5,0,3888
60.7,0,7261
91.8,0,21032
87.767,0,20826
66,0,3755
62.6,0,9015
74.633,0,4881
79.567,0,7430
80.433,0,11077
70.567,0,4580
59.5,0,3606
59.367,0,3548
64.3,0,4088
118.27,363,23200
53.933,0,3593
59.933,0,7415
84.833,0,4595
419.8,21617,44084
76.067,0,4837
64.333,0,5025
70.8,0,6765
72.167,0,3757
291.37,14197,38517
70.333,0,4731
231.27,10742,35980
71.2,0,8485
58.867,0,3085
74.667,0,9636
71.4,0,3846
62.5,0,3671
70.2,0,4121
71.8,0,4492
520.03,32524,56726
85.6,0,19321
63.1,0,3812
49.067,0,10633
66.2,0,17323
337.77,18060,42460
167.13,5002,29752
296.97,14280,38580
71.567,0,15697
59.333,0,3405
140.33,1141,25301
63.833,0,3726
108.1,69,21980
64.633,0,4099
57.433,0,5312
52.133,0,3614
74.967,0,3867
249.3,10438,35603
60.033,0,3175
400.7,20990,45488
63.833,0,6042
73.1,0,4561
376.93,21129,46244
73.633,0,18818
72.333,0,4185
172.17,4674,29260
74.667,0,4048
71.633,0,15042
74.8,0,16960
133.53,1515,26125
172.57,4416,29248
72.333,0,4196
65.4,0,7764
70.833,0,4118
63.067,0,3911
79.9,0,18191
224.87,11841,37357
139.33,2336,28659
245.7,9516,33113
58.933,0,9494
76.567,0,8450
96.433,0,22727
67.3,0,13832
289.73,14685,39800
81.367,0,20692
70.567,0,4332
84.967,0,22698
76.6,0,19117
61.8,0,14860
58.9,0,3967
60.367,0,3468
326.83,17587,41785
77.4,0,4806
72.033,0,4151
66.733,0,3568
65.367,0,3651
72.033,0,4627
80.033,0,11984
247.3,10027,34020
70,0,3973
79.067,0,4192
58.067,0,5307
64.867,0,4571
177.93,5476,31376
73.767,0,4415
68.833,0,17952
74,0,4744
70.333,0,4215
76.033,0,3851
73.733,0,4063
471.53,27037,50355
65.733,0,3737
67.933,0,9822
89.7,0,18995
66.9,0,3793
59.667,0,13456
67.233,0,3968
761.4,42743,63849
71.933,0,5408
58.5,0,5036
65.033,0,4307
70.733,0,4069
63.267,0,3864
69.533,0,3913
68.3,0,4023
75.933,0,4536
95.567,0,22027
54.567,0,3485
62.067,0,4469
63.9,0,4235
64.6,0,3509
57.1,0,15477
68.333,0,7741
75.4,0,4265
65.533,0,16693
75.1,0,4075
73.533,0,13588
71.033,0,17833
62.3,0,7982
850.43,47044,66459
250.33,10331,34947
55.6,0,3357
82.467,0,19078
70.367,0,4198
73.233,0,5557
72.567,0,4165
214.27,7381,32599
80.1,0,6560
55,0,4711
113.67,154,23310
64.267,0,8940
51.167,0,3021
68.7,0,4315
169.97,4491,29806
232.37,10501,37109
625.13,36337,59101
74.867,0,4206
151.2,3118,28557
65.967,0,5372
45.1,0,2637
64.633,0,16529
67.633,0,3900
66.933,0,4070
358.63,18123,42475
316.03,15259,39784
75.667,0,4394
60.167,0,10867
66.033,0,3867
66.6,0,3214
181.87,4866,28974
60.467,0,10484
273.7,13871,40183
64.433,0,3991
483.37,28164,51495
63.767,0,3561
65.333,0,4085
65.967,0,3516
72.467,0,4462
62.033,0,3778
760.6,42141,62663
419.7,25954,50136
82.467,0,4389
66.533,0,3883
64.367,0,4104
54.5,0,10103
61.933,0,3464
76.1,0,5457
144.93,1939,24653
182.1,4960,30641
69.367,0,6476
162.4,2655,26713
62.433,0,3697
160.57,4222,29738
58.567,0,9294
58.567,0,7510
63.233,0,5076
58.033,0,3446
136.27,1632,24556
72.767,0,3703
73.667,0,5251
107.83,9,24145
61.3,0,6334
70.933,0,9626
69.667,0,6638
72.067,0,4166
388.67,21242,43129
74.233,0,18668
539.77,29494,51381
68.6,0,3650
59.6,0,3612
69.4,0,3648
495.2,28511,50833
67.467,0,11726
74.133,0,7652
334.83,15611,39157
81.033,0,4445
119.23,392,24649
74.367,0,4219
75.3,0,4234
261.3,12740,38602
586.83,33943,55318
84.933,0,5039
600.53,35185,57237
616.63,35064,57314
68.6,0,4273
84.5,0,19717
66.633,0,3593
185.77,6090,30525
59.4,0,5503
62.333,0,3453
93.4,0,24260
576.6,33057,55523
63.1,0,3303
295.1,14110,39005
76.433,0,3918
108.4,65,22244
80.067,0,5171
102.73,3,22565
71.533,0,19374
151.7,2255,26458
67.133,0,5573
129.53,990,23908
55.067,0,3042
484.5,28536,52218
54.6,0,4176
69.667,0,4227
70.2,0,3829
77.467,0,5523
44.133,0,2486
69.967,0,15608
62.9,0,3466
79.9,0,4632
269.27,14553,40313
75.7,0,10223
59.833,0,3594
63.3,0,16536
70.767,0,3581
71.667,0,18153
64,0,5172
71.533,0,4121
72.8,0,4952
63.867,0,3989
71.933,0,4278
61.567,0,7359
67.3,0,3913
62.033,0,3343
71.733,0,4829
117.6,322,23261
59.667,0,3411
67.1,0,4228
125.6,1122,26568
71.367,0,8027
344.57,17672,40295
74.5,0,4983
73.433,0,17841
234,10050,35884
52.333,0,3142
407.67,21853,44356
86.7,0,5769
55.833,0,4544
65.1,0,3587
84.233,0,4777
53.033,0,2796
71.3,0,4178
101.63,2,22655
935.93,51337,70980
59.7,0,6742
138.13,1718,27248
67.2,0,4291
67.167,0,5242
73.4,0,5278
69.4,0,4038
80.8,0,4557
64.4,0,17065
57.4,0,3205
154.53,2561,26594
67.433,0,6619
59.433,0,15162
78.033,0,4422
70.467,0,4010
153.47,3120,27170
225.87,8481,33884
78.833,0,7933
112.53,129,21917
66.867,0,7829
67.467,0,8602
76.133,0,4791
99.167,0,20472
437.47,25274,48492
67.467,0,3692
73.533,0,4503
71,0,4332
356.17,19512,43519
82.4,0,4919
71.3,0,6043
263.6,11447,35855
167.53,4389,29357
68.167,0,4294
279.5,14151,40435
59.6,0,4930
1026.5,52638,71419
381.23,20818,43636
67.467,0,10182
63.367,0,5657
275.7,12971,38547
69.667,0,17676
78.267,0,4305
73.067,0,4028
265.73,12907,37908
75.6,0,4229
90.1,0,4739
243.03,10018,35757
59.933,0,3544
75.033,0,17786
167.23,4007,30807
49.867,0,3361
72.633,0,4518
64.467,0,3985
57.4,0,5635
483.93,28793,51517
79.3,0,4276
186.33,4986,28192
252.7,10493,34346
57.567,0,3330
65.433,0,3565
64.567,0,8325
75.767,0,7803
69.833,0,16037
353.2,18767,43312
73.233,0,4479
66.933,0,3784
151.93,2251,27645
59.967,0,7228
56.533,0,4331
59.567,0,10820
95.6,0,20007
153.8,3322,28176
70.5,0,5209
81.7,0,4451
70.933,0,5397
64.667,0,4404
186.5,5747,31047
66.767,0,15920
78.1,0,3866
69.133,0,8751
75.367,0,3828
67.033,0,10934
57.9,0,3504
65.267,0,6192
66.5,0,3476
52.867,0,3696
451.63,25275,47932
60.767,0,6013
73.233,0,7055
75.6,0,5757
87.033,0,4662
65.033,0,5137
187.67,5687,28054
331.23,16906,42679
480.43,25411,47506
79.733,0,4442
69.367,0,3733
63.833,0,3395
64.467,0,3763
73.2,0,9710
68.5,0,4645
72.3,0,5295
58.5,0,13743
77.467,0,7676
45.8,0,2773
59.033,0,3727
69,0,3928
852.27,47593,67605
67,0,4099
150.43,1850,24084
253.57,10697,36844
66.233,0,12408
263.77,13255,38638
72.5,0,3834
379,21170,45799
64.1,0,7599
237,10137,34632
93.1,0,21319
55.7,0,4258
70.1,0,4025
293.53,14121,38179
90.433,0,18610
83.467,0,6851
66.533,0,3808
97.8,0,20991
66.2,0,4132
76.133,0,4483
297.43,14364,38580
110.77,135,23882
64.7,0,14316
58.133,0,4046
69.133,0,3545
85.2,0,4639
52.9,0,3212
74.1,0,4653
62.867,0,5339
75.233,0,4224
72,0,5299
63.1,0,3510
63,0,3550
158.7,3666,27147
61.967,0,3613
74.4,0,20258
75.733,0,4264
53.033,0,4326
210.3,7954,33717
83,0,5556
65.067,0,4722
89.833,0,5100
55.9,0,3169
322.83,15678,38448
83.633,0,9965
408.07,23214,47486
69.467,0,3735
65.067,0,3497
63.3,0,3803
77.067,0,5874
79.067,0,7773
158.23,2795,26852
72.733,0,20296
66.167,0,3675
68.233,0,7662
72.867,0,5302
72.967,0,12676
378.87,22608,46796
74.733,0,4657
78.533,0,5585
275.63,11952,34721
69.533,0,3981
78.2,0,4495
80.1,0,4535
694.4,39803,60547
102.77,22,20615
60.867,0,14493
75.933,0,4608
102.4,15,21294
751.73,42359,62809
79.233,0,4650
59.867,0,7593
168.87,3569,28394
85.167,0,4790
755.87,41884,62496
507.57,28602,50303
70.067,0,3989
63.967,0,4928
69.933,0,4207
79.8,0,5479
88.4,0,4643
68.967,0,4278
67.1,0,3767
69.133,0,6855
77.3,0,6066
67.433,0,3976
196.63,6000,32180
281.17,13933,38905
47.433,0,3211
88.2,10,4898
72.3,0,3745
60.133,0,14190
69.667,0,15160
234.93,9645,36473
87.267,0,23306
282.83,12790,37454
69.7,0,10101
63.567,0,3924
77.5,0,10435
73.367,0,4091
83.167,0,6085
423.9,23102,45998
85.667,0,18229
385.23,22217,47008
68.467,0,3653
127.3,756,24905
118.23,302,25023
77.333,0,4571
75.533,0,6521
69.367,0,3705
71.6,0,4335
75.933,0,4483
64.933,0,5650
74.667,0,18209
93.133,0,21071
69.1,0,4750
69.167,0,4131
198.73,7478,31838
82.5,0,4960
62.6,0,3617
70.267,0,13636
73.833,0,7492
73.3,0,4496
258.87,12298,37609
90,0,5184
74.6,0,14839
95.267,0,22577
71.633,0,7817
78.133,0,3950
65.767,0,14171
77.367,0,12629
103.03,6,23057
68.667,0,6624
698.33,38882,60399
71,0,4181
63.5,0,9026
69.1,0,8428
76.133,0,5765
66.433,0,3664
74.133,0,5301
69.6,0,3880
63.133,0,3688
53.533,0,5124
471.9,27100,50627
342.5,20339,46078
62.9,0,3449
310.5,16404,39943
67.467,0,3922
77,0,4284
714.67,39816,60858
66.933,0,3820
67.267,0,4374
69.067,0,3492
58.267,0,3301
66.467,0,3772
63.767,0,8796
72.1,0,10801
72.367,0,5538
70.7,0,8916
75.633,0,4252
71.867,0,3984
69,0,19018
53.433,0,3336
78.167,0,4104
64.6,0,3993
80.2,0,4672
268.47,12318,37180
73.6,0,4584
74.067,0,4503
465.1,27035,50006
61.767,0,9181
64.233,0,11352
669.47,38167,58720
59.467,0,15937
65.267,0,8021
75.533,0,13893
202.37,6013,29684
198.23,6660,32921
263.43,11929,35584
73.467,0,10904
252.97,10616,35656
83.633,0,4642
64.467,0,4257
67.367,0,3561
61.333,0,5612
322.7,16258,40331
124.53,709,23351
312.23,15355,40344
80.4,0,4146
61.8,0,11547
187.57,5491,30354
65.3,0,3879
181.97,4451,29414
163.83,3054,28752
67.733,0,3995
56.467,0,3193
60.267,0,4379
136.73,1275,25697
75.767,0,8378
65.767,0,13236
318.77,15783,39422
64.9,0,7655
77.3,0,6430
606.33,33306,55302
66.5,0,3746
557.77,33661,57144
311.37,15856,41575
64.7,0,4075
77.5,0,6202
65.3,0,4492
62.567,0,3764
62.6,0,9950
75.5,0,4124
71.433,0,4141
65.067,0,4035
65.467,0,5904
64.5,0,8753
78.767,0,4275
82,0,4468
119.33,385,25549
63.833,0,7923
73.933,0,4080
70.067,0,4325
192.23,6397,29443
69.767,0,5181
60.5,0,16921
72.933,0,3563
112.33,120,21078
71.967,0,3761
65.5,0,7879
65.133,0,4867
442.33,25190,48431
58.8,0,14824
72.9,0,17278
70.567,0,4103
71.733,0,17585
54.567,0,4617
84.833,0,5463
547.87,31743,53952
68.267,0,7279
76.9,0,4745
77.867,0,4835
59.467,0,3527
58.9,0,3331
84.767,0,7657
75.6,0,18408
75.933,0,4732
68.3,0,3804
71.167,0,4608
65.767,0,10291
200.03,6129,29372
872.3,46979,66683
70.7,0,3409
65.833,0,3745
156.4,3225,27799
59.5,0,3901
296.33,13685,38146
340.9,17376,40740
63.4,0,11024
78.6,0,8936
70.367,0,4699
63.367,0,16700
66.4,0,8372
77.667,0,4633
64.067,0,3818
68.667,0,16879
64.5,0,5847
59.167,0,6962
82.5,0,12562
66.333,0,3778
64.2,0,3502
71.733,0,17037
59.1,0,3279
72.233,0,4492
68.867,0,8402
66.733,0,4015
84.833,0,4660
92.833,0,20747
72,0,5465
254.67,11834,37158
192.5,5741,30799
69.667,0,10449
58.167,0,3163
64.9,0,3853
62.1,0,3670
172.43,4289,27570
325.53,17482,41495
408.63,22378,46294
70.533,0,4223
73.767,0,3818
143.7,1563,24972
192.73,7441,33792
511.83,29319,51820
340.73,17025,41184
108.33,46,22386
65.2,0,4624
82.233,0,4426
59.167,0,12806
82.633,0,4674
61.833,0,3451
69.933,0,3809
409.53,22976,47002
80.8,0,4382
60.733,0,3129
56.2,0,7845
61.8,0,5116
62.1,0,4018
63.2,0,3349
68.433,0,5292
77.933,0,17483
68.5,0,3901
361.57,19702,44140
64.667,0,14907
459.27,25837,48561
182.8,4210,28396
85.933,0,11289
70.333,0,7732
62.233,0,4315
93.967,0,22355
273.77,11510,35478
140.4,1912,26113
618.37,37122,58795
66.4,0,3712
70.2,0,16924
86.5,3,8256
70.833,0,4099
61.867,0,4301
72.133,0,3657
649.47,35309,57143
72.1,0,4514
75.767,0,6025
72.9,0,4484
66.833,0,3575
76.133,0,3905
228.03,8963,33424
417.13,22047,44083
62,0,3270
74.567,0,3899
77.133,0,5689
67.733,0,4982
51.8,0,6399
73.567,0,4131
55.467,0,3572
90.767,15,6043
56.733,0,3268
475.77,28114,51293
74.2,0,4722
65.067,0,7149
379.8,22002,45692
71.767,0,4106
68.833,0,5229
65.133,0,5224
72.2,0,3849
57.067,0,14209
78.667,0,4536
64.767,0,3728
62.2,0,3499
84,0,8163
69.267,0,3902
289.07,13526,36907
55.7,0,10394
153.23,2522,25808
67.533,0,3883
61.3,0,16176
68.133,0,3726
56.067,0,2926
79.867,0,4129
71.1,0,4492
65.133,0,4401
68.367,0,14889
57.767,0,3145
77.1,0,18818
73.7,0,18991
64.5,0,3913
633.93,36076,57287
64.433,0,7270
397.1,20587,43725
60.833,0,3694
65.4,0,7309
67.6,0,6988
67.767,0,3921
71.067,0,3962
66.467,0,4390
67.6,0,4309
57.567,0,3825
76.5,0,4264
68.5,0,4070
68.8,0,3706
56.267,0,3270
68.867,0,4168
73.667,0,5974
62.4,0,4697
307.87,15024,38269
70.9,0,8973
63.3,0,3306
78.467,0,4113
63.033,0,6898
66.8,0,3956
74.767,0,4034
80.8,0,20053
62.7,0,3647
79.433,0,4167
74.267,0,5032
83.4,0,19922
72.8,0,14948
69.933,0,12399
75.133,0,4570
69.433,0,10333
130.17,970,25243
224.4,10440,36572
69.933,0,8295
234.43,9488,34821
162.53,4198,28803
62.667,0,3491
70.8,0,12437
64.467,0,10323
325.67,19657,44680
75.667,0,4974
84.9,0,19330
62.233,0,3522
63.433,0,3829
374.7,20537,44768
64.533,0,3701
445.4,23900,46761
70.533,0,5070
71.8,0,5786
59.367,0,3488
176.07,5046,29111
74.3,0,5242
61.333,0,4621
80.233,0,5079
56.5,0,3106
299.63,15376,40373
55.133,0,2773
63.867,0,5135
91.867,17,5670
65.5,0,14742
74.833,0,18483
556.53,33747,56354
52.067,0,2683
83.9,0,8122
76.6,0,4019
85.567,0,4479
62.667,0,3797
411.13,21674,44874
61.733,0,4009
70.933,0,5524
69.033,0,8749
72,0,3646
84.067,0,19206
637.27,36825,58913
73.767,0,4405
75.533,0,18732
187.97,5338,29761
59.6,0,4041
68.567,0,3739
78.433,0,4586
179.8,5420,30708
163.43,3059,28577
68.167,0,5473
85.033,0,4533
75.5,0,11193
58.033,0,5092
64.533,0,3885
66.4,0,3643
628.3,36406,58767
64.033,0,3338
209.57,6765,30694
61.4,0,3690
73.333,0,6568
612.3,34341,55873
71.633,0,4003
61,0,13949
80.4,0,4259
104.93,8,23594
70,0,10397
66,0,15455
68.167,0,4240
86.133,0,4587
129.37,785,23954
52.5,0,4030
81.8,0,5077
60.233,0,7594
121.2,642,25036
59.333,0,15680
191.77,6845,32527
60.7,0,3511
346.87,20277,45052
74.967,0,6298
264.83,11067,35624
676.27,39741,60419
53.267,0,2999
85.133,10,4185
53.9,0,2980
61.067,0,3207
75.6,0,4395
60.733,0,3441
577.33,32743,54152
143.13,2221,26031
60.567,0,13618
111.1,122,22441
342.4,18404,41244
56.933,0,3807
60.667,0,5801
71.8,0,12725
265.2,11442,35380
66.2,0,3771
71.067,0,4300
68.433,0,4111
129.83,1003,24414
615.9,35499,58311
69.167,0,7267
56.233,0,9719
66.567,0,7225
61.733,0,3675
69.467,0,3977
798.2,44009,64507
254.73,10558,36518
60.2,0,7713
274,12907,38016
125.57,1034,24253
74.767,0,4190
64.467,0,13654
59.2,0,3261
66.933,0,8083
77.067,0,4391
65.133,0,3836
130.93,987,25175
61.767,0,3767
60.867,0,3876
67.8,0,3533
69.2,0,5453
71.867,0,5429
56.267,0,2964
56.733,0,3528
69.933,0,15690
81.1,0,4716
67.5,0,11269
191.17,5891,30954
70.167,0,4766
64.367,0,4047
56,0,5780
62.233,0,3363
302,14701,38089
56.067,0,3354
59.167,0,16864
74.133,0,4229
409.9,22376,45766
617.7,36212,58855
260.13,11507,36512
75.767,0,8768
313.2,15502,39844
561.1,32300,53941
72.467,0,13131
429.7,24695,49383
81.833,0,4628
68,0,8703
60.7,0,3948
68.5,0,3276
44.933,0,3121
71.833,0,4729
69.3,0,17603
59.6,0,3451
587.27,32484,53585
87.467,0,19449
71.633,0,3690
91.833,0,20824
489.07,29169,51967
59.533,0,3795
65.7,0,6082
66.833,0,4068
54.4,0,2895
69.733,0,4141
73.5,0,5143
65.833,0,3857
70.1,0,3712
56.8,0,5486
62.867,0,15109
75.133,0,3986
350.3,19093,43768
71.233,0,5099
73.4,0,4224
74.2,0,4974
169.53,3316,26698
171.67,4538,30730
465.43,24715,46467
67.533,0,6278
68.367,0,4219
70.733,0,4060
264.07,10872,35144
59.433,0,9503
626.8,34499,55353
65.967,0,5687
170.6,4515,28380
170.67,5144,29247
79.267,0,4883
84.633,0,4622
47.5,0,7880
67.067,0,12699
84.667,0,13562
80.533,0,4268
60.933,0,3653
65.3,0,15517
690.03,38794,59488
60.133,0,3368
64.033,0,3383
53.6,0,3568
502.1,28478,52367
95.433,0,22695
88.1,0,6247
55.667,0,3436
76.1,0,6591
77.567,0,5012
81.533,0,4454
95.767,0,20911
77.333,0,4929
70.467,0,4475
92.8,0,20207
66,0,3405
166.27,4885,31112
68.6,0,4253
59.7,0,3657
55.467,0,4576
82.033,0,20037
469.13,25197,46632
71.4,0,3847
69.8,0,3632
61.167,0,6489
64.8,0,3840
271.67,12281,38010
167.17,3223,28629
82.9,0,14569
68.3,0,5024
49.233,0,2751
72.9,0,4259
53.233,0,3066
62.2,0,5753
66.167,0,5228
387.43,19572,41431
239.83,11631,36879
74.467,0,5494
518.77,30839,54646
77.033,0,4263
57.033,0,3243
63.933,0,4584
77.5,0,4354
257.7,13026,37821
62.233,0,3497
165.73,3632,28836
368.43,20462,45065
63.433,0,13349
74.9,0,6264
62.8,0,3912
71.633,0,4281
70.467,0,15195
62.567,0,5022
58.5,0,5233
76.433,0,12205
918.4,51025,71431
324.17,17660,43677
78.9,0,5868
94.233,0,23480
79.4,0,4268
76.167,0,4317
60.167,0,7089
65.933,0,4301
76.433,0,3777
72.567,0,7552
70.933,0,5886
237,11247,35727
63.3,0,14031
66.867,0,4686
51.767,0,10697
189.83,6484,32051
75.2,0,4235
724.9,41531,62496
74.8,0,8660
65.267,0,4358
85.067,0,4507
63.433,0,3129
742.03,43496,64450
68.567,0,16006
86.167,1,4371
177,4474,28297
717.9,39964,60490
524.53,31411,53925
63.2,0,3799
54.4,0,3274
69.733,0,8182
59.633,0,7078
76.4,0,20616
90.1,0,4671
69.867,0,18231
66.633,0,3465
113.23,145,23311
82.933,0,4775
68.5,0,4722
52.767,0,3804
79.867,0,4217
71.2,0,8501
72.267,0,5971
64.4,0,9358
68.233,0,3792
65.033,0,4045
69.367,0,5186
291.5,14438,39830
65,0,11967
65.633,0,3392
62.6,0,5537
65.233,0,3345
72.933,0,6866
72.8,0,4273
72.233,0,3829
69.9,0,5196
61.633,0,13942
74.733,0,4792
759.8,42654,63047
72.5,0,11502
62.2,0,8625
621.43,34249,55430
62.933,0,3631
743.97,43507,64542
60.233,0,4073
86.367,0,4888
87.633,0,18571
69.333,0,5178
154.8,2251,27095
467.87,28028,50604
555.13,31727,54263
60,0,3446
70.133,0,12490
184.17,4707,30882
380.33,19519,43037
71.4,0,15658
66.533,0,4050
127.43,945,25481
351.73,18883,42651
63.133,0,12888
61.067,0,3872
453.6,25970,48014
73.467,0,4045
85.5,0,4278
76.667,0,4162
67.833,0,4017
58.367,0,5162
61.567,0,4387
75.167,0,15374
119.77,398,25249
62.7,0,3357
78.2,0,4082
56.267,0,6318
66.6,0,4689
81.867,0,7801
74.933,0,12373
72.367,0,5939
62.333,0,3609
53.833,0,3181
80,0,6316
257.8,11801,35934
82.433,0,4398
369.8,20052,44036
75.567,0,4644
64.867,0,13413
75.6,0,5268
104.5,19,22491
76.133,0,10631
66.233,0,5068
287.63,14677,39712
78.133,0,3856
72,0,3934
118.33,369,24375
63.033,0,4104
94.7,0,20433
181.13,4733,28070
339.53,17203,42155
384.5,20059,45037
84.033,0,4474
62.4,0,3811
155.6,3582,27160
67.2,0,4431
82.933,0,5766
69.2,0,8498
120.77,574,22290
70.967,0,4519
408.43,22250,45150
73.333,0,4138
59.933,0,3703
265.8,12782,38381
63.233,0,4004
69.267,0,3942
88.367,0,20058
73.133,0,4151
63.4,0,8743
61.1,0,13711
67.633,0,4292
65.733,0,4819
59.4,0,11777
117.83,274,24409
68.2,0,14648
57.567,0,5186
77.167,0,20320
59.933,0,4748
84.633,0,20378
74.9,0,8284
50.833,0,3644
76.133,0,4510
73.267,0,3712
394.97,20949,44155
61.5,0,4679
68,0,3995
467.47,27145,51277
68.233,0,3995
50.1,0,2825
65.867,0,4339
186.63,5323,30211
242.3,8568,32814
160.1,3107,26718
74.267,0,14741
60.567,0,14494
73.433,0,3746
183.5,5512,30674
73.533,0,3967
68.033,0,4689
73.6,0,17184
70.5,0,9433
65.133,0,3511
73.067,0,5325
65.333,0,4366
80,0,14192
641.2,37060,58477
86.233,0,4752
68.633,0,4280
68.167,0,8276
270.93,12813,37902
77.8,0,19420
60.233,0,8891
73.067,0,4628
75.433,0,16945
62.467,0,5662
53.667,0,3178
69.467,0,7006
58.667,0,4017
66.333,0,14074
59.6,0,3261
223.9,8622,33233
51.9,0,2934
131.63,917,25191
72.567,0,3954
69.333,0,3743
68.567,0,3797
68.8,0,3484
95.6,0,21218
125.3,1040,26266
235.23,11299,37659
451.03,26384,50164
70.133,0,4071
621.47,33676,54686
46.767,0,3063
214.4,8293,33664
97.1,0,5487
82.967,0,4537
249.67,10296,34488
60.167,0,3928
81.6,0,7936
242.4,11829,36600
68.467,0,4036
71.533,0,4123
306.9,16982,41642
154.07,2301,27011
62.7,0,4250
65.6,0,3774
67.133,0,7086
69.2,0,5367
68.867,0,3587
564.9,32069,53932
330.5,16546,41164
342.43,16419,40627
69.733,0,5799
69.4,0,4504
76.333,0,4773
77.4,0,4374
855.6,47927,67384
63.7,0,15898
76.933,0,8156
554.97,32115,54651
80.133,0,16548
263.87,11998,37530
53.8,0,3026
62.2,0,3228
82.067,0,4207
371.7,19142,43398
78.9,0,5843
412.37,23755,45925
63.733,0,8577
207.3,7153,31793
456.53,25125,47357
68.533,0,3461
77.1,0,5789
67.967,0,3874
73.333,0,3958
56.2,0,3339
67.733,0,4847
59.9,0,4286
68.967,0,4315
77.367,0,15132
74.767,0,4323
72.9,0,6265
77.933,0,4608
62.167,0,3550
67.833,0,5579
60.433,0,3902
59.8,0,8905
116.33,296,24186
342.9,18147,41991
282.57,13790,39234
64.333,0,4052
240.27,10983,36710
75.8,0,4464
76.167,0,15355
70.033,0,4479
73.833,0,18578
67,0,4957
116.63,407,24444
64.433,0,12868
55.8,0,3351
72.8,0,4056
51.967,0,2969
59.433,0,12591
62.933,0,3587
74.533,0,12357
68.367,0,3953
68.367,0,4962
66.767,0,6309
252.07,9364,33239
77.467,0,9089
67.767,0,3527
54.8,0,9526
71.9,0,4243
77.167,0,13939
116.37,382,23219
59.167,0,4257
72.8,0,14349
85.1,0,4601
65.3,0,12099
139.57,2000,26816
158.43,3105,28589
65.1,0,3596
75.367,0,16772
75.733,0,17705
109.4,65,24659
61.967,0,5772
216.47,8084,32412
43.067,0,4849
73.433,0,4028
167.03,4253,29637
271.27,12066,36009
82.333,0,5151
357.2,20542,44974
58.5,0,3644
73.633,0,4117
145.1,2347,26594
71.167,0,4434
68.2,0,3906
751.33,40087,60676
170.9,3945,31171
91.567,3,4759
71.167,0,18934
63.367,0,13023
76.533,0,4424
67.933,0,4128
84.5,0,19061
754.37,41826,62490
435.93,25261,48712
103.23,2,20909
72.533,0,15229
157.43,3670,28084
903.07,50069,70390
63.867,0,3380
78.067,0,4349
70.4,0,11395
62.467,0,9986
626.3,36145,58093
56.4,0,3184
58.5,0,6158
114.63,241,24428
186.17,5784,31597
65.6,0,3765
87.167,0,4407
411.47,21333,44146
61.767,0,14445
49.4,0,2993
76.767,0,4386
232.8,9659,35353
69,0,5374
76.9,0,8021
60.967,0,15097
63.667,0,4660
51.067,0,2809
60.7,0,3795
186.07,4857,30946
73,0,4441
186.9,5154,31224
130.3,965,25266
488.73,27010,50128
75.767,0,4392
70.167,0,4090
116.7,271,23539
308.2,15668,40932
64.2,0,3974
73,0,4241
66.1,0,4440
57.433,0,6701
80.3,0,8472
549.2,32445,53837
65.1,0,3623
82.833,0,16410
76.867,0,4672
61.433,0,7899
234.33,10671,35452
68.533,0,14744
735.03,40410,61901
87.233,0,5429
59.7,0,8707
69.333,0,3711
527.37,31881,56031
58.167,0,4719
210.73,8219,34138
246.7,10619,35381
199.77,6384,31597
150.67,3054,28064
104.97,33,20933
69.6,0,4436
70.633,0,5031
62.033,0,3631
65.467,0,4390
72.8,0,3784
255.43,11051,35476
67.133,0,6705
99.767,0,21386
74.1,0,8049
62.967,0,3277
75.767,0,4178
201.43,6055,30425
179,4797,31875
1068.9,56688,75349
211.53,7653,33336
63.4,0,3089
67.967,0,3985
84.967,0,5514
64.567,0,4253
70.667,0,7677
69.2,0,4573
67.933,0,3539
174.47,3893,28668
83,0,19865
61.833,0,3712
621.37,34171,54953
51.5,0,4367
553.17,30583,52347
68,0,3969
65.133,0,4626
77.1,0,4248
218.9,7954,31352
65.6,0,14250
96.3,0,21808
62.833,0,3764
69.567,0,18494
70.667,0,3785
60.367,0,7177
981.17,54435,73525
70.7,0,3441
65.167,0,5204
126.27,963,27974
119.63,351,23832
94.7,0,18928
72.833,0,3792
83.733,0,8287
62.7,0,15017
51.133,0,5105
65.8,0,9749
73.533,0,4739
58.067,0,4725
105.03,1,22337
84.833,0,7805
52.8,0,5035
63.367,0,8110
57.767,0,4046
76.567,0,4241
434.2,24295,47470
64.2,0,5218
687.03,38611,59826
73.167,0,13808
59.467,0,4769
60.5,0,8905
66.6,0,5752
63.533,0,12822
72.433,0,17225
174.03,3814,28134
904.67,49349,68732
55.433,0,3277
59.033,0,8274
75.7,0,4122
355.83,19845,44326
64.567,0,6517
359.83,19333,42949
74.033,0,13561
82,0,17374
60.5,0,5710
68.933,0,16699
66.233,0,8758
64.733,0,3371
73.467,0,4802
64.433,0,4409
76.9,0,4665
65.067,0,11136
52.2,0,3243
75.8,0,6222
72.533,0,15611
68.167,0,4547
80.967,0,4791
48.167,0,4120
66.367,0,5973
74.7,0,4439
54.967,0,3227
170.33,3889,29842
66.067,0,15714
190.13,6129,29809
64.7,0,4945
69.4,0,4272
76.5,0,4379
264.27,12292,39738
1035.9,55442,75075
66.7,0,3697
72.167,0,3881
311.17,15322,39015
90.033,3,5198
217.9,8945,32593
49.867,0,3238
76.9,0,4667
76.467,0,5096
66.933,0,3915
103.97,29,23923
55.933,0,3927
65.6,0,3535
99.3,0,22624
66.967,0,8340
58.5,0,13833
78.8,0,18760
59.6,0,3576
201.77,6737,30964
60.367,0,3909
67.167,0,3753
76,0,8726
64.067,0,3477
67.7,0,3953
504.53,27936,49936
60.867,0,3572
323.73,17777,42566
536.7,31192,53413
93.4,0,19862
63.833,0,13689
297.4,15318,40677
80.967,0,5053
70.6,0,4979
69.867,0,13170
78.467,0,17447
67,0,3827
58.1,0,4412
65.033,0,3431
105.73,17,24590
75.8,0,6530
77.967,0,16494
73.2,0,4440
174.17,5188,30318
60.633,0,9112
61.367,0,3481
66.733,0,15905
294.2,13903,39450
188.27,4986,29982
75.2,0,16565
79.1,0,20469
50.867,0,3282
73.367,0,15626
846.7,46125,65646
103.5,15,22118
152.2,2914,28444
79.067,0,20861
74.133,0,6141
164.67,3683,30104
68.633,0,3752
49.167,0,8412
74.1,0,4293
69.167,0,4357
54.833,0,4383
70.6,0,18249
369.9,20507,44068
63.233,0,3253
77.467,0,4653
69.133,0,3776
77,0,6193
342,18006,43338
58.467,0,3527
665.03,37429,59369
66.167,0,5266
361.4,20262,44603
57.867,0,3541
69.367,0,8254
63.633,0,8302
201.6,6694,30567
65.633,0,3642
65.7,0,3846
55.767,0,4164
47.233,0,2971
92.533,0,21047
66.067,0,6377
264.03,14868,41318
72.433,0,8832
65.367,0,10586
63.033,0,12079
63.6,0,3720
332.63,17472,40866
67.167,0,14245
63.667,0,5584
72.467,0,5358
66.167,0,4656
88.7,0,20387
72.933,0,3846
413.9,23710,47015
61.7,0,11285
438,24646,47628
422.73,23299,46158
69.4,0,3916
67,0,5848
66.833,0,3706
62.1,0,3904
355.57,19515,44060
379.63,22283,46352
61.267,0,3514
186.8,5762,30254
79.567,0,6745
262.67,12526,37675
679.97,36804,58052
464.4,25451,47474
61.8,0,6451
364.6,19116,42946
543.27,28322,49479
66.667,0,3993
52.767,0,5229
59.667,0,15808
56.167,0,3416
264.87,11827,35737
62.067,0,3472
178.03,4956,28339
110.07,64,24276
69.267,0,4201
56.133,0,3512
285.3,16212,41652
133.37,1112,23745
65.767,0,5024
87.333,0,21593
79.533,0,19690
52.633,0,2891
810.23,44570,65418
79.367,0,4675
52.5,0,3084
67.867,0,4407
70.733,0,6792
695.33,40201,61163
69.333,0,3777
70.1,0,4048
61.533,0,6718
235.1,8976,33658
65.2,0,3940
81.2,0,4477
73.167,0,18029
59.267,0,9579
66.767,0,7199
63.4,0,3867
64.367,0,4049
187.63,5789,30619
523.53,30236,52670
72.333,0,4130
51.733,0,4543
62,0,4175
143.17,2355,28422
213.73,7432,31954
78,0,5021
84.267,0,4663
352.33,20402,44590
165.17,3656,27404
412.43,22304,46044
62.9,0,6114
55.367,0,3480
68.633,0,4046
67.6,0,3573
71,0,7646
70.067,0,5278
68,0,15758
138.5,1268,25539
75.333,0,4313
365.67,20111,42496
66.233,0,4690
425.1,21486,44497
72.9,0,3801
70.833,0,3729
638.17,36005,57578
62.867,0,5727
500.07,28339,49936
70.233,0,4591
65.633,0,11870
76.033,0,5053
151.33,2206,27756
79.5,0,4872
53.933,0,3062
75.367,0,5220
58.833,0,5514
62.233,0,3484
63.367,0,3913
60.733,0,3550
66.567,0,12658
66,0,14327
83.333,0,20333
327.17,17196,41192
746.8,41544,61969
65.9,0,10146
60.2,0,4692
73.367,0,3761
65.4,0,3969
54.067,0,3482
229.27,9520,35699
150.23,2725,27742
344,19048,43688
67.367,0,3914
59.233,0,3578
62.367,0,7594
145.6,1673,24029
286.97,13079,37554
130.07,940,25182
87.2,0,5163
480.23,27732,50661
62.3,0,3234
203.5,6396,32383
67.4,0,4328
64.5,0,3399
75.4,0,4338
67.567,0,3561
69.467,0,10674
77.6,0,5506
77.6,0,4092
66.767,0,3351
75.433,0,4844
66.433,0,10735
64.767,0,3170
70.333,0,3863
89.9,3,4960
67.167,0,4074
68.467,0,3770
76.7,0,5415
506.43,28306,49611
73.4,0,4214
60.467,0,3295
551.13,31180,52529
93.167,0,18525
70.633,0,3771
57.5,0,3899
56.167,0,3254
169.6,4870,30993
67.533,0,11663
73.3,0,4174
158.63,2814,28214
66.9,0,4400
57.433,0,7608
81.9,0,6143
79.867,0,21362
368.07,20070,43309
62.567,0,4129
319.23,17578,42667
74.4,0,13360
378.63,20305,43764
64.933,0,7628
76.967,0,12329
379.23,20223,43907
77.3,0,4824
74.667,0,19153
71.967,0,8299
73.833,0,4651
52.9,0,2911
168,4407,30593
60.967,0,3288
784.93,43805,64461
67.333,0,11857
76.133,0,11235
69.033,0,16187
69,0,4871
68.3,0,3991
172.33,4411,28468
60.433,0,3285
415.43,23179,46330
69.833,0,3667
56.933,0,4235
145.07,2246,26644
73.467,0,3905
65.867,0,3735
112.2,104,23432
511.07,27731,50059
304.5,15590,39249
59.433,0,5251
168.87,4099,28712
66.867,0,4173
107.87,165,10358
138.07,1931,27180
116.63,352,24999
69.767,0,10055
159.47,3074,26009
57.633,0,3510
110.1,93,23560
72,0,19119
77.967,0,4538
60.1,0,16052
64.567,0,14653
69.933,0,5561
67.6,0,4060
59.733,0,5120
62.167,0,10028
64.833,0,3181
80.067,0,5424
315.67,14594,38300
280.17,14157,38194
54.867,0,3806
70.2,0,3941
77.067,0,4428
72.2,0,3941
77.3,0,13018
222.77,8468,32883
79.267,0,4146
165.2,3428,27326
448,24688,47972
79.9,0,4548
70.133,0,4957
68.167,0,4964
86.667,0,8897
84.5,0,19583
55.6,0,16034
70.067,0,4190
577.07,31882,53185
68.833,0,4281
69,0,3912
126,791,24832
79.433,0,3899
68.1,0,6527
70.2,0,9820
71.6,0,4462
68.167,0,15481
56.833,0,3894
69.2,0,4844
79.933,0,11903
70.833,0,5578
80.1,0,4398
76.467,0,4725
61.167,0,3479
120.4,475,23531
104.37,15,25096
63.7,0,3149
53.1,0,10186
69.233,0,4456
265.83,11229,36074
67.767,0,5742
76.567,0,5600
112.97,123,21226
61.167,0,7361
619.27,36443,58922
52.633,0,5351
72.8,0,6819
66.733,0,17195
73.067,0,13150
87.533,0,20472
59.2,0,3557
63.767,0,3616
86.8,0,6260
61.533,0,16092
114.83,298,24505
64.4,0,9030
69.6,0,6712
856.2,46989,66727
81.2,0,4789
67.133,0,3841
97.533,0,21828
633.93,35068,56919
74.2,0,4423
158.53,3538,28208
63.9,0,7954
63.933,0,3581
66.533,0,3577
312.93,15062,39156
67.033,0,5478
171.17,4414,28517
69.167,0,3898
67.8,0,3488
66.567,0,4689
63.567,0,3532
72.167,0,3781
67.1,0,3718
59.733,0,4248
68,0,4218
65.467,0,3904
68.033,0,4623
61.267,0,3983
75.633,0,3971
68.567,0,5980
76.3,0,17696
345.63,18246,43776
63.967,0,4050
69.633,0,4476
69.633,0,9667
77.933,0,4482
120.6,361,23750
65.867,0,4060
63.3,0,5836
241.7,11438,37975
73.2,0,14914
67.4,0,4048
74.733,0,5698
87.667,0,5187
257.7,12489,36897
85.867,2,4547
53.067,0,4004
69.567,0,4524
63.9,0,16357
62.867,0,3431
72.267,0,3707
62.933,0,3636
79.667,0,4347
80.533,0,6468
60.5,0,4194
67.433,0,3838
60.9,0,16663
72.633,0,4984
75,0,4934
75.167,0,16434
67.667,0,3873
64.167,0,8117
54.333,0,4024
76.633,0,10845
77.567,0,6802
82.267,0,5720
441.63,25562,49958
86.5,0,19023
62,0,4323
122.1,603,24192
77.167,0,4620
69.9,0,3974
71.3,0,8972
61.267,0,4353
64.5,0,3598
64.733,0,4225
67.1,0,3674
69.167,0,4024
222.87,9109,34056
84.567,0,19119
69.067,0,5148
67.733,0,5791
57.3,0,5104
63,0,3755
367.87,18769,42269
79.6,0,8803
84.367,0,7109
65.633,0,11923
79.367,0,13013
110.9,114,23474
71.2,0,3795
64.767,0,4017
180.57,5728,31511
63.667,0,8489
62.7,0,12898
73.8,0,5367
59.933,0,3648
66.533,0,4915
78.767,0,5091
74.5,0,3868
74.633,0,11601
77.233,0,11031
61.267,0,4200
78.1,0,15438
87.7,0,20912
78.633,0,9712
87.5,0,19365
217.7,7879,32023
82.167,0,6502
106.03,26,21924
345.2,17599,42719
64,0,9358
527.3,30383,52997
61.4,0,6404
294.1,15935,41034
124.07,827,26561
125.63,600,22717
68.133,0,9039
222.53,9825,35388
71.6,0,4671
65.4,0,3720
71.5,0,4451
56,0,3679
67.8,0,15373
88.9,0,20260
447.5,26590,50365
61.9,0,3769
62.267,0,15050
68.2,0,4529
79.433,0,3912
113.9,154,22308
241.03,10493,35810
68.567,0,3525
99.467,0,19784
64.467,0,3602
87.467,0,13055
55.533,0,5024
79.433,0,4233
246.2,12381,37434
61.033,0,12222
1160.9,60629,79309
74.967,0,4403
73.167,0,6752
60.3,0,4764
84,0,5465
82.733,0,13682
65.467,0,8677
70.5,0,14970
67.933,0,4147
58.533,0,10977
61.367,0,12805
63.7,0,15564
61.167,0,3742
252.57,12139,37348
271.77,12192,36976
1067.9,56201,76085
67.967,0,3854
231.77,9010,32075
58.533,0,3593
115.03,186,23310
65.933,0,12065
179.73,4914,30726
68.733,0,7224
61.3,0,7808
448.43,25029,47670
82.467,0,19706
656.57,36961,58457
67.533,0,3662
64.367,0,3953
66.633,0,4563
149.47,2599,28415
124.53,641,22582
57.467,0,3781
78.167,0,4826
71.3,0,3927
81.967,0,4736
65.633,0,7390
71.733,0,5102
80.833,0,4626
70.833,0,4289
69.467,0,3856
65.567,0,4255
62.367,0,4194
85.267,0,20984
620.8,36204,57989
148.73,2259,26199
74.667,0,10554
151.27,2007,26440
67.5,0,4227
780,43106,63102
189.4,5208,29344
62.633,0,5585
64.2,0,3516
64.2,0,15396
225.77,8792,33802
678.57,39330,60014
117.43,319,24669
120.87,378,24240
72.7,0,4150
353.77,18996,44008
60.333,0,3294
60.8,0,3614
81.5,0,4649
81.767,0,4912
291.97,14294,38013
362,19853,44209
57.8,0,3131
75.933,0,4207
68.2,0,3800
70.233,0,4548
59.033,0,4302
122.2,794,26713
76.1,0,4327
72.467,0,4371
66.3,0,11902
116.87,309,24008
67.533,0,3675
67.5,0,5112
114.47,197,24299
72.467,0,18709
531.9,30848,52792
260.97,12637,37394
79.3,0,4088
79.867,0,6092
65.8,0,3792
74.733,0,5189
70.2,0,4415
53.6,0,3368
245.83,10863,35120
66.433,0,4488
77.2,0,3954
77.2,0,3925
73.533,0,7422
70.5,0,10964
57.5,0,3201
68,0,4497
67.367,0,7044
75.6,0,4334
61.433,0,5038
116.97,294,24099
207.97,7897,32448
64.867,0,4255
98.033,0,22221
63.567,0,4354
59.867,0,3439
69.267,0,3721
74.067,0,4330
61.567,0,4668
61.133,0,3343
70.433,0,4175
62.9,0,10909
57.467,0,3156
64.533,0,3719
64.533,0,3813
66.933,0,3801
51.3,0,5399
563,32369,53901
76,0,7329
68,0,5455
244.43,9809,34491
55.167,0,8721
98.433,0,21648
99.667,0,21576
65.667,0,3854
75.167,0,11005
101.07,0,22066
55.4,0,12655
66.767,0,3850
60.767,0,3527
69.967,0,8468
68.667,0,4444
198.23,6889,31909
928.57,50104,69686
72.833,0,3834
158.03,3154,26983
134.77,1792,26736
90.133,1,13976
71.733,0,10603
64.4,0,3618
159.43,3290,28924
71.9,0,5784
834.23,46242,66163
82.233,0,3950
461.23,26928,49381
209.5,7073,33702
306.2,15220,40687
64.567,0,7479
69.6,0,6589
48.567,0,8812
71.767,0,14054
197.97,6650,31090
82.4,0,5111
68.7,0,4958
526.27,30880,53354
59.4,0,10719
173.5,4676,29925
73.567,0,18049
67.3,0,6444
59.233,0,6529
73.333,0,13523
60.433,0,3532
54,0,3218
67.833,0,9323
107.6,35,21897
79.2,0,21591
64.533,0,6618
55,0,3729
72.4,0,4095
65.033,0,15526
724.3,41383,62774
121.5,405,22821
75.367,0,4635
64,0,4247
61.933,0,3951
64.933,0,3799
61.3,0,6342
60.933,0,3130
70.867,0,16893
71.167,0,9783
77.7,0,5029
56.767,0,6503
85.1,0,5209
87.633,0,20453
63.167,0,6817
74.4,0,4124
141.37,1521,25232
75.933,0,4417
77.8,0,4440
152.63,2332,28210
238.63,10057,34123
706.27,41081,63294
64.167,0,3671
387.77,22085,46430
60.467,0,3370
61.867,0,4890
61.7,0,9866
65.9,0,3840
79.133,0,4567
820.27,44494,64377
70.967,0,3746
73.7,0,4160
63.767,0,3549
73,0,15685
71.833,0,4153
86.533,0,21563
59.433,0,12819
55.7,0,3942
77.867,0,13359
66.633,0,4808
74.633,0,6600
69.3,0,13215
56.533,0,4402
441.43,23601,46921
73.567,0,3862
67.367,0,7449
64.8,0,11838
303.23,13945,38910
405.47,23412,46430
67.867,0,3869
84.367,0,4568
57.067,0,4872
191.7,5810,30578
55.9,0,6086
74.133,0,4515
58.533,0,9193
358.07,20685,45249
147.87,2183,26801
76.5,0,4203
78.167,0,4013
578.6,32735,53485
61.433,0,3470
77.8,0,5799
65.933,0,3671
57.733,0,10103
61.367,0,3472
81.167,0,5792
66.9,0,3778
192.27,6682,31489
59.133,0,3553
65.9,0,16150
60.3,0,6082
60.667,0,3585
196.47,5175,27859
75.633,0,13905
64.6,0,4079
64.4,0,4391
58.867,0,4766
216.73,8045,32430
63.9,0,3770
147.9,1945,27108
137.9,1631,25049
541.73,31706,55068
104.93,23,20747
74.433,0,9546
61.333,0,3850
75.167,0,17027
144.4,1949,24897
74.2,0,5481
81.433,0,8285
288.1,15014,39424
60.233,0,3531
66.7,0,4091
53.5,0,3226
70.133,0,17077
68.7,0,4080
71.733,0,5611
67.767,0,3910
62.433,0,3823
70.8,0,4187
66.133,0,14513
89.233,1,4591
350.5,19592,43469
67.667,0,3935
76.233,0,3914
78.6,0,17609
60.133,0,3492
47.267,0,2449
68.633,0,3748
72.333,0,4731
67.8,0,6421
82.1,0,18510
63.767,0,16199
372.67,20153,43996
54.333,0,3073
133.6,1357,27339
64.533,0,3471
64.1,0,3810
58.933,0,4270
128.1,986,26974
83.267,8,4229
62.467,0,9430
626.57,36226,57354
108.8,71,21337
93.933,23,9833
193.27,6532,31894
211.03,8721,33707
65.367,0,4879
96.8,0,21468
83.167,0,6036
72.933,0,9480
322.37,16427,39905
90.367,0,4969
458.43,26439,49525
73.567,0,12889
70.333,0,4546
442.07,25213,49004
69.1,0,4512
116.97,442,23067
170.33,3731,28391
66.367,0,4477
541.53,30781,52640
239.53,9142,33320
53.833,0,4530
57.467,0,6625
73.667,0,5175
70.1,0,6183
53.467,0,3290
68.2,0,6268
898.6,48462,67678
65.7,0,5439
75.267,0,4502
73.233,0,4601
72.933,0,5100
141.3,1497,25262
73.767,0,4780
307.63,15879,39938
74.533,0,10021
74.3,0,6454
58.167,0,3714
59.133,0,3425
73.867,0,3706
62.267,0,4021
62.233,0,3832
58.4,0,14594
55.533,0,3098
67.467,0,4037
84.967,0,11050
54.033,0,10359
162.97,2916,28279
73.133,0,12404
81,0,18283
77.833,0,20677
65.6,0,5004
520.33,29806,51809
78.467,0,4778
68.567,0,3823
744.67,42697,63409
394.7,21737,44580
59.367,0,3352
195.97,6152,30573
71.2,0,3936
481.7,27229,49994
269.73,11198,35373
149.37,2383,26834
65.133,0,13210
64.067,0,4875
84.033,0,17743
73.867,0,9185
57.367,0,3649
472.37,27019,49319
193.37,6131,32475
72.667,0,7250
65.967,0,3996
82.567,0,4229
68.8,0,3637
349.03,19350,42465
72.267,0,3868
80.067,0,3984
74.467,0,17254
118.63,339,26183
77.033,0,4790
84.8,0,19865
62.667,0,3518
499.67,28152,50321
70.1,0,4560
64.867,0,3796
88.867,0,19609
464.2,26400,49791
678.03,37478,58835
58.567,0,3664
66.9,0,8983
179.27,4314,28149
72.9,0,4832
73.633,0,4856
71.633,0,3939
68.6,0,5389
76.633,0,4873
75.533,0,9477
65.967,0,3821
67.3,0,6204
67.633,0,4314
50.333,0,2974
73.967,0,4014
276.2,14485,39063
51.767,0,2823
64.2,0,3501
314.87,16021,40242
154.57,2425,26674
55.3,0,3627
62.067,0,5684
948.2,52663,72043
55.9,0,3064
70.9,0,12594
71.833,0,18515
348.37,18472,39934
68.367,0,6593
68.2,0,4101
65.4,0,3985
48.633,0,5351
64.9,0,3850
85.233,0,4256
68.033,0,5722
167.4,3958,31036
205.43,7611,33973
77.933,0,4043
205.33,8520,33280
73.7,0,5305
56.567,0,16585
65.667,0,4110
73.867,0,4363
74.167,0,4607
61.533,0,6248
64.167,0,3686
46.867,0,4013
57.267,0,4542
79.433,0,4261
63.067,0,3848
75.467,0,3999
75.3,0,12163
64.733,0,3253
76.233,0,12519
78.933,0,7314
55.667,0,4555
269.67,12903,38497
460.4,26523,50394
73,0,3911
65.267,0,5173
56.433,0,4097
58.433,0,3569
99.967,1,22493
69.833,0,4364
63.033,0,13717
74.867,0,3983
57.967,0,8376
186.93,5854,31091
474,27263,49093
72.333,0,3648
58.667,0,3132
66.967,0,3707
56.633,0,4627
60.833,0,3673
105.47,25,22945
71.9,0,4850
69.433,0,17552
67.433,0,4982
69.5,0,3599
98.8,0,20838
62.567,0,9322
79.133,0,14844
245.9,10639,34623
62.333,0,5133
81.6,0,5015
88.333,0,4810
69.2,0,17322
77.9,0,5366
104.93,13,20846
210.8,9123,36043
56.1,0,2866
74.433,0,4602
80.733,0,10232
140.33,1637,27281
64.967,0,5380
95.2,64,5245
82.567,0,4951
76.567,0,3788
251.3,12200,37306
559.97,32449,54478
64.2,0,5016
65.367,0,3279
114.93,197,23601
59.3,0,3512
72.667,0,5815
71.8,0,3905
62.6,0,4015
70.067,0,4176
58.1,0,9660
103.97,14,22861
63.667,0,4037
73.7,0,4027
59.033,0,4243
70.433,0,9060
65.7,0,3458
74.567,0,4348
72.267,0,4179
504.17,28695,50763
56.167,0,3119
69.233,0,9434
116,233,21844
63.6,0,17313
64.533,0,14785
64.433,0,4417
668.9,39533,60686
72.233,0,3969
70.233,0,9097
64.167,0,6649
62,0,5583
79.267,0,8368
375.97,20905,43828
67.633,0,10465
78.033,0,4183
255.2,11477,35726
54.967,0,3331
75.567,0,15071
203.93,8787,35744
65.033,0,7905
59.533,0,3947
76.733,0,6163
113.57,153,22117
156.93,3022,27817
49.433,0,3151
821.93,46169,66343
68.5,0,3759
62.367,0,3612
57.233,0,14728
130.6,781,24174
60.167,0,3558
51.433,0,3002
157.53,2379,25802
87.633,1,13316
68.467,0,3875
75.7,0,4796
66.7,0,3611
63.933,0,3839
240,9768,34964
67.2,0,3956
599.67,35788,58708
69.433,0,5024
149.1,2366,26684
370.27,21478,44825
213.33,7557,33084
72.8,0,4208
68.833,0,17192
72.633,0,3972
536.2,30902,53639
63.267,0,3705
75.967,0,17837
86.633,0,5083
59.767,0,3332
60.567,0,3728
67.767,0,15111
55.567,0,7418
61.133,0,5891
105.5,33,22533
82.6,0,9759
55.767,0,5336
74.3,0,4018
296.47,13911,38601
71.6,0,8297
60.3,0,11166
185.8,6568,33418
66.333,0,3760
61.9,0,3564
183.43,5812,29377
60.867,0,14724
88.267,0,20227
74.133,0,4271
78.8,0,4111
63.133,0,5680
298.33,15703,42123
67,0,4467
89.733,0,18533
64.267,0,5560
72.033,0,3626
74.233,0,3901
95.333,0,19829
61.4,0,7071
64.833,0,4163
73.9,0,3587
109.07,75,23165
66.5,0,3912
117.7,270,24582
256.43,10857,37170
59.467,0,4126
66.033,0,5954
78.367,0,4292
73.967,0,9440
66.233,0,3905
60.533,0,5950
83.667,0,4957
133.3,1359,25638
72.9,0,4238
68.333,0,10619
65.633,0,4680
79.3,0,4596
75.833,0,4272
123.83,493,23312
83.6,0,4584
90.133,0,20568
69.4,0,4000
76.033,0,4495
256.87,10150,34470
67.333,0,10291
63.3,0,4012
860.9,47869,68231
76.8,0,4343
63.3,0,8740
60.533,0,4214
64.433,0,3714
246.93,10668,36841
224.57,8242,34003
56.4,0,3698
177.33,4675,30206
63.6,0,3573
719.13,40541,61131
234.83,11384,37650
56.267,0,8756
68.733,0,4129
69.933,0,13645
55.533,0,4333
78.833,0,5922
67.667,0,4530
323.6,17561,42613
481.03,28346,50840
64.4,0,3351
78.967,0,4246
78.167,0,5431
425.47,22235,44473
203.9,6340,32620
71.567,0,3894
60.567,0,3575
84.9,0,10502
68.3,0,6217
74.233,0,4420
241.5,10481,35472
69.167,0,3803
89.2,0,19618
68.767,0,4555
91.967,0,19803
69.967,0,4003
78.367,0,17000
64.667,0,3812
246.93,10659,35098
744.2,42584,63193
76.167,0,3973
80.533,0,19582
97.867,0,20687
581.37,32276,54441
69.833,0,4339
83.833,0,5017
65,0,3870
50.367,0,3058
72.6,0,4714
878.87,48362,69245
68.567,0,3731
69.167,0,16472
59.233,0,3433
54.867,0,5222
174.6,4093,29064
146.67,2164,25388
70.4,0,14538
61.1,0,3171
51,0,2994
109.2,80,22202
66.867,0,9262
60.8,0,4276
968.7,51986,71387
56.267,0,3473
64.6,0,7826
256.3,11805,37233
72,0,4121
73.4,0,6831
76.6,0,3858
528.97,31447,54728
84.467,0,19481
56.533,0,5054
88.433,0,18646
64.967,0,3600
95.5,0,21928
112.1,151,21989
66.733,0,4312
68.3,0,3850
71.333,0,4816
82.8,0,9073
66.067,0,3442
180.27,5434,30225
346.77,18467,41560
60.3,0,3489
129.77,1080,24257
67.967,0,3737
75.167,0,4396
78.733,0,4211
261.2,11885,36881
75.033,0,8319
71.367,0,4398
75.267,0,4215
124.7,496,24678
60.5,0,3833
728.63,41070,62706
65.967,0,4200
403.73,22933,47110
630.73,34428,55605
62.933,0,4111
71.3,0,15705
67.767,0,5329
161.5,2632,24513
67.5,0,4919
354.8,19965,43271
62.6,0,4109
77.367,0,5483
268.5,13625,38417
88.367,0,22677
64.267,0,16507
73.967,0,5282
58.9,0,3805
76.867,0,15885
102.1,5,21426
62.4,0,3639
409.27,23933,46926
65.1,0,14382
60.2,0,3709
59.1,0,3177
195.5,6516,31680
595.77,33774,55480
75.533,0,5954
86.633,0,21457
75.067,0,6029
852.7,46719,67103
84.467,0,20141
69.667,0,3698
61.3,0,6954
68.767,0,3762
64.8,0,6313
64.133,0,4161
79.6,0,7532
71.633,0,4936
62.6,0,4427
83,0,4102
427.73,24569,48143
74.567,0,17867
70.533,0,5385
191.57,5781,29326
71.933,0,3785
96.933,0,20445
51.267,0,3356
69.033,0,4137
61.167,0,10300
178.97,5377,31241
230.77,7806,32762
77.867,0,4278
64.833,0,4088
130.13,1113,26205
69.667,0,15011
455.7,26674,50797
68,0,4562
68.2,0,4430
69.567,0,5722
60,0,3347
65,0,3642
66.7,0,14401
66.633,0,3842
69.1,0,9793
87.533,2,4753
68.567,0,3800
58.333,0,3441
72.767,0,6364
65.333,0,3881
62.433,0,4086
570.73,34691,57715
58.467,0,4157
59.133,0,3487
396.9,22551,45548
82.5,0,7568
444.6,23671,47677
127.8,926,25581
208.37,7365,31981
66.5,0,4636
82.767,0,4455
59.467,0,3737
52.867,0,3157
65.533,0,14714
84.933,0,4589
301.87,15135,38899
70.233,0,4642
62.967,0,3371
432.67,25257,48746
69.233,0,4035
71.5,0,3904
49.833,0,3442
58,0,6675
61.233,0,3667
64,0,11494
65.467,0,5761
55.067,0,13017
90.733,0,6312
327.43,16330,40530
135.47,1465,25653
67.733,0,18491
323.03,16643,39659
78.367,0,4724
61.667,0,3471
59.233,0,3610
79.067,0,4214
71.5,0,4220
70.333,0,7337
116.57,248,22416
47.4,0,4051
60.7,0,3559
294.63,15406,41018
78.8,0,4211
69.467,0,3883
91.833,0,20156
62.733,0,10127
60.633,0,4263
72.567,0,5420
72.4,0,17385
61.133,0,5295
69.167,0,3704
74.433,0,10615
66.867,0,4320
65.667,0,8417
91.733,0,20771
82.633,0,6298
67.4,0,4322
57.067,0,7272
77.2,0,12504
120.77,670,26063
76.633,0,7935
55.667,0,3394
69.767,0,3794
65.367,0,4032
835.7,47349,67812
323.87,18006,42980
68.767,0,4134
66.367,0,3847
162.73,4056,29996
251.57,11499,35391
67.133,0,3675
72.3,0,3975
79.733,0,16915
376.7,19444,44707
63.767,0,7742
352.2,18707,43497
178.9,4655,28502
56.8,0,15944
56.4,0,7353
66.167,0,4013
58.2,0,11948
204.5,6384,32740
57.1,0,3435
72.867,0,3885
215.2,7100,32506
51.8,0,9676
120.5,493,24123
70.367,0,10793
69.333,0,5872
80.367,0,5136
69.933,0,17816
62.267,0,5880
62.933,0,4151
53.833,0,14638
63.1,0,4370
61.567,0,3634
76.933,0,5046
49.233,0,3366
64.9,0,3587
55.033,0,7925
69.9,0,3687
83.433,0,6445
66.467,0,3758
94.1,0,20718
505.37,30656,53851
61.233,0,16655
62.133,0,3837
495.13,29467,52150
372.8,19077,42171
83.233,0,4654
81,0,5517
113.03,136,23206
62.833,0,3819
71.233,0,7175
89.4,0,20030
61.933,0,4645
69.033,0,3772
115.9,441,25502
165.47,4219,29108
203.3,7084,32613
56.7,0,3175
75.567,0,5309
200.73,6441,31502
69.7,0,3972
58.967,0,11758
481.53,28397,51928
665.6,37944,60169
54.233,0,3026
61.9,0,3179
60.567,0,4041
321.77,18408,44345
69.767,0,10581
495.37,29476,51449
148.67,2904,29952
76.867,0,10757
71.567,0,6342
429.9,24073,45759
76.367,0,13175
420.87,23471,47427
860,46486,66308
505.7,29937,53117
68.3,0,15867
65.7,0,4367
62.067,0,14295
66.133,0,3931
73.4,0,5043
63.233,0,4036
60.4,0,3519
57.1,0,2962
259.87,12913,37537
67.5,0,3661
65.6,0,4240
72.1,0,4415
125.33,564,22241
68.7,0,3976
54.7,0,4899
78.933,0,3915
181.87,5253,32247
109.7,90,23367
69.733,0,3890
124.1,675,23695
58.233,0,3198
59.8,0,15895
186.43,5047,31415
52.333,0,4521
64,0,3788
66.633,0,13314
64.367,0,3731
71.333,0,3712
59.4,0,3669
71.8,0,10440
69.033,0,4142
74.867,0,4125
71.067,0,10512
126.07,772,25931
72.833,0,13292
67.733,0,3629
62.067,0,12309
74.633,0,12371
80.733,0,17591
53.767,0,6923
60.433,0,3895
62.567,0,3405
67.967,0,4430
90.4,0,20468
135.37,2699,27994
83.467,0,6009
56.967,0,3689
67.433,0,4076
73.467,0,14497
75.7,0,4634
71.133,0,4295
106.33,12,22255
60.8,0,12591
118.17,372,24197
75.767,0,5355
683.4,39752,60992
69.2,0,5275
80.1,0,4507
69.9,0,3797
66.533,0,3891
71.033,0,4040
71.967,0,3663
330.77,17758,41229
70.733,0,17440
69.233,0,3803
59.8,0,4348
68.167,0,4125
79.667,0,19708
119.13,562,23586
66.033,0,12953
80.933,0,4930
89.167,0,4831
82.167,0,12665
69.433,0,4109
67.367,0,3550
234.23,9415,33613
114.9,205,23174
69.867,0,5188
61.533,0,3621
68.9,0,4676
58.933,0,4217
67.333,0,3973
83.533,0,4578
103.97,18,22769
592.8,33284,55294
77.067,0,8136
75.467,0,5488
562.53,34148,57004
68.067,0,14149
68.467,0,18690
66.767,0,16973
58.233,0,3246
56.233,0,2949
75.467,0,4020
76.933,0,9544
79.7,0,15982
65.333,0,17246
117.33,398,24440
71.4,0,5177
86,0,4747
68.267,0,3512
230.97,9299,35605
73.733,0,5543
69.7,0,17272
59.6,0,6032
58.7,0,3187
455,26057,49276
60.567,0,5727
88.833,0,19534
78.7,0,5053
314.03,16063,39290
78.233,0,18673
65.067,0,3513
111.27,171,24592
167.27,4336,29676
60.5,0,11686
85.433,0,20438
68.9,0,5716
59.6,0,7356
66.467,0,4885
62.8,0,4171
53.933,0,3920
185.47,4548,28525
589.97,34753,56915
80.433,0,4545
79.333,0,11650
70.8,0,3918
71.233,0,4165
58.833,0,4078
66.967,0,4360
69.833,0,9451
58.6,0,3770
80.2,0,20308
65.567,0,3749
79.533,0,4780
70.233,0,3853
740,39757,60671
63.4,0,4618
64.6,0,3703
59.767,0,3793
322.07,16498,41459
549.53,31374,53976
58.167,0,8769
71.833,0,9546
90.8,0,20433
158.9,3001,28822
346.9,18584,43408
59.8,0,4485
83.567,0,5755
64.9,0,3682
72.133,0,3806
76.767,0,4012
63.567,0,4675
69.267,0,3714
60.5,0,4359
59.5,0,12159
296.17,13125,37159
63.267,0,11768
398.2,23112,48362
66.7,0,9312
76.833,0,7751
342,16995,40942
140.93,1683,26455
67.3,0,3931
52.633,0,3016
64.333,0,3869
99.067,0,19772
62.367,0,7889
51.767,0,8654
391.1,20428,44264
72,0,4249
83.367,0,12030
352.9,17990,40997
68.2,0,4228
67.467,0,3886
72.3,0,4162
67.367,0,10785
72.933,0,4160
74.067,0,6333
66.8,0,3667
62.967,0,3716
64.767,0,10042
69.8,0,18173
77.633,0,4923
58.3,0,3623
71,0,6984
74.067,0,3907
775.47,41625,62447
85.833,0,4453
70.767,0,5547
63.367,0,4196
62.6,0,3484
81.9,0,4955
78.933,0,4966
75.067,0,4556
491.23,26726,48891
55.933,0,3293
62.733,0,7948
65.933,0,3433
91.867,0,20871
62.1,0,4138
60.133,0,10870
62.133,0,3785
107.37,11,22687
119.17,306,23294
58.8,0,4845
125.97,612,24393
67.7,0,3971
286.53,13973,38563
65.467,0,7239
355.37,18921,43279
61.633,0,9176
122.5,500,24713
66.767,0,4283
204.63,7667,33756
55.533,0,4645
73.933,0,12982
94.833,0,21646
65.633,0,4514
86.8,0,5017
68.533,0,4230
90,0,4921
70.7,0,4133
62.067,0,4255
62.767,0,3915
56.167,0,3428
353.3,19006,44859
61.233,0,6972
232.87,9147,34288
48.6,0,3193
62,0,3545
49.433,0,3063
55.633,0,8955
222.33,8898,35109
78.867,0,6401
70.767,0,14589
411.8,22911,47918
189.07,5380,29096
76.333,0,17607
69.9,0,4341
54.8,0,13827
74.533,0,7362
75.267,0,4755
67.833,0,10662
474.7,26905,49829
78,0,4375
723.93,42995,64744
103.8,1,24043
63.5,0,13596
221.87,8971,34623
338.43,18359,41186
64.533,0,4362
60.133,0,3932
371.93,20254,45320
102.43,0,20609
137.5,1533,25223
64.633,0,3930
193.7,6373,31896
69.967,0,3721
60.267,0,7879
63,0,4056
70.7,0,4062
61.767,0,3551
62,0,4515
59.433,0,10939
83.133,0,4430
382.2,21147,45079
67.967,0,3483
67.233,0,4459
485.47,28010,50297
67.233,0,13768
80.8,0,4989
72.633,0,4549
66.8,0,3724
78.667,0,14335
375,20090,43609
57.8,0,3209
245.77,9896,34289
73.333,0,8308
57.4,0,3479
68.067,0,3789
72.567,0,3949
51.333,0,9241
85.033,0,16913
102.5,1,19908
84.767,0,4279
60.533,0,3806
75.6,0,4068
78.733,0,18392
63.167,0,16193
58.2,0,3086
63.467,0,3788
54.633,0,3997
60.367,0,3634
72.4,0,19768
78.6,0,4447
71.767,0,6097
768.93,44280,65752
99.567,0,21101
73.167,0,4255
71.667,0,3825
578.23,33255,55185
736.03,40965,60862
73,0,12663
277.77,11670,36421
76.333,0,4231
90.533,0,12302
61.5,0,3452
64.133,0,3549
65.767,0,3559
66.633,0,3300
762.03,43690,64394
322.17,15931,40617
668.47,37257,59162
72.833,0,16217
84.367,0,4814
408.33,23122,47091
85.3,0,4888
91,0,20129
145.8,1816,25570
75.067,0,11652
156.07,2903,28442
69.533,0,3517
165.27,4085,30407
72.6,0,3739
66.267,0,3649
346.63,18472,43269
50.733,0,3142
58.767,0,3740
73.433,0,3983
292.43,13508,37991
384.9,20992,43955
141.23,1672,24862
70.167,0,5858
79.8,0,19717
66.867,0,3840
97.4,2,22611
199.77,6153,33237
56.467,0,3010
65.367,0,3727
77.467,0,4616
75.167,0,4998
63.8,0,3756
67.4,0,7870
127.1,961,23600
119.1,314,24189
65.4,0,16578
72.167,0,4928
239.87,11126,36207
58.333,0,3430
69.7,0,3861
60.5,0,4025
74.9,0,3667
73.7,0,3762
58.5,0,3482
95.433,0,21003
70.133,0,3972
59,0,3256
76.933,0,4756
74.533,0,6912
55.9,0,5301
268.83,12770,37437
69.8,0,5985
61.767,0,12133
78.8,0,4719
69.067,0,3471
81.467,0,4426
79.433,0,4623
57.8,0,3532
70.233,0,13956
67.3,0,3880
83.667,0,4789
69.567,0,4198
63.033,0,3133
66.2,0,14744
52.933,0,5016
91.4,0,21961
64.9,0,6013
83.667,0,18849
63.867,0,12491
60.9,0,4259
198.37,6568,32947
394.83,23216,46342
346.8,18475,43685
63,0,6120
64.4,0,4727
69.5,0,3793
62.767,0,3780
74.5,0,4824
63.833,0,3561
392.97,20514,43248
71.933,0,4287
67.733,0,7564
514.8,28619,51554
71.833,0,3975
56.3,0,14249
618.47,35777,58398
432.67,24084,47827
72.867,0,17552
475.27,26577,49437
63.1,0,3449
382.63,19877,43335
117.37,261,23369
71.467,0,4202
65.6,0,4518
100.77,3,21265
951.7,51073,70028
177.47,4615,28619
69.3,0,9922
66.867,0,13111
75.767,0,5178
78.667,0,4384
67.533,0,7547
63.633,0,3565
68.4,0,3976
72.733,0,4403
74.4,0,4256
52.233,0,6804
111.47,89,23158
100.5,2,21617
62.8,0,3657
157.43,2880,26828
148.23,2468,26086
562.6,31556,53651
70.167,0,4042
66.4,0,3391
62.933,0,4067
61,0,3870
87.533,0,4783
53.633,0,2942
65.067,0,3733
72.533,0,4216
66.167,0,11273
63.167,0,15831
106.67,16,23500
87.567,0,20644
69.067,0,12141
157.4,3956,30096
64.533,0,3790
140.33,2338,27680
55.433,0,4017
235.03,10217,35340
66.667,0,4443
329.17,17312,41369
880.1,47829,68480
69.733,0,8340
59.1,0,4343
458,26322,48814
54.367,0,4900
71.5,0,4056
63.733,0,3695
181,4458,27678
188.93,6767,30492
65.267,0,3900
58.267,0,7268
61.9,0,3813
66.933,0,3708
67.733,0,11727
64.533,0,6551
198.67,6924,32018
98.667,0,21686
57.933,0,9128
59.567,0,4382
67.667,0,4139
63.2,0,4011
81.133,0,19144
66.833,0,5980
57.333,0,3120
58.567,0,3344
62.033,0,3605
68.133,0,3680
67.9,0,12896
308.9,16511,43615
59.833,0,4068
77.033,0,8671
130.3,693,22426
58.533,0,4009
69.233,0,4267
67.633,0,4014
78.033,0,4446
65.5,0,9577
69.667,0,5078
426.73,22147,45307
66.733,0,3521
74.467,0,5246
64.467,0,12914
65.967,0,3642
61.333,0,4135
94.367,0,20242
67.2,0,4154
74.567,0,16223
73.967,0,6623
168.57,3746,29528
68.533,0,7288
78.967,0,17369
63.167,0,3750
70.133,0,4745
70.967,0,3636
70.3,0,17847
790.47,43198,64177
80.1,0,20445
75.5,0,3946
81.2,0,19401
60.7,0,5790
70.333,0,3959
363.73,19506,43530
256.77,11870,36152
60.4,0,5742
157.4,3426,27569
407.8,23221,47801
72.767,0,4022
94.133,5,5089
148.07,2808,28004
67.433,0,3869
57.167,0,5251
69.067,0,4730
66.6,0,3564
66.633,0,4217
76.267,0,17924
84.667,0,18580
387.8,20508,44208
66.733,0,3809
70.833,0,4969
78.067,0,4897
239.6,11495,37154
65.1,0,3286
68.133,0,3970
75.167,0,4904
73.233,0,4274
143.57,2523,27000
64.367,0,3313
517.77,29673,53824
64.2,0,3726
64.733,0,9434
76.133,0,6594
263.43,12237,36504
55.433,0,4356
271.77,12715,37139
60.033,0,3641
63.4,0,3504
56.267,0,3933
69.1,0,3887
857.67,47979,68369
74.467,0,5168
76.4,0,4068
81.233,0,20633
74.867,0,4076
75.633,0,16562
78.233,0,4719
63.533,0,3894
111.3,104,21320
91.867,0,21997
66.533,0,12965
204.93,6855,31646
61.4,0,5583
68.5,0,3968
71.967,0,5024
73.8,0,4171
65.4,0,5799
63.967,0,10554
69.167,0,3651
62.733,0,7017
66.133,0,4072
139.3,1743,26555
168.27,3540,28398
66.6,0,3897
58.6,0,3324
78.133,0,6983
69.267,0,10871
73.1,0,6081
211.3,6941,31016
128.73,1119,23595
77.767,0,10530
76.5,0,17556
71.933,0,4226
54,0,12001
232.37,9640,33835
73.433,0,4105
74.9,0,4354
178.4,5166,29370
75.733,0,4328
424.77,24540,48021
78.533,0,4120
71.3,0,3769
68.233,0,15012
71.4,0,5727
75.133,0,4512
65.1,0,4173
72,0,3961
62.233,0,4166
104,4,21819
68.067,0,4349
65.4,0,6150
83.833,0,20891
80.6,0,5403
72.5,0,3998
77.7,0,4051
630.43,35138,55911
69.4,0,3601
55.833,0,3400
73.367,0,4052
50.4,0,2906
66.467,0,5019
62.933,0,8726
62.033,0,3090
56.7,0,3052
142.27,1635,27546
66.833,0,3801
89.967,0,4454
48.2,0,3149
415.1,24622,47941
69.367,0,4235
70.333,0,3642
76.367,0,3942
48.233,0,3452
68.6,0,14186
899.33,49803,69733
78.167,0,4110
65.833,0,3637
70.233,0,3878
62.6,0,4328
68.333,0,4181
128.33,650,24805
185.7,4978,29167
63.7,0,3706
62.533,0,3427
247.33,11202,36164
61.2,0,3397
83.9,0,5174
62.1,0,7566
254.33,9546,35271
63.8,0,3607
180.8,5679,31717
71.633,0,3965
75.367,0,4113
69.5,0,4294
70.167,0,11293
75.167,0,3988
64.533,0,4017
269.2,13520,39420
179.5,4939,29253
53.767,0,3275
50.967,0,2758
59.167,0,6650
148.47,2262,28659
82.633,0,14363
409.63,23590,47736
54.367,0,2914
61.833,0,12601
211.9,8036,33230
79.433,0,10525
282.4,13126,38396
65.533,0,10106
616.47,36245,58537
199.97,7332,32855
56.933,0,3243
138,1878,26190
119.13,350,24445
68.833,0,3849
283.5,12632,36790
901.57,49616,69698
77.167,0,5206
86.467,0,18445
65.267,0,3406
69.3,0,3870
67.533,0,13536
59.667,0,10182
61.667,0,8350
67.833,0,3872
215.17,7223,33279
85.333,0,4870
72.567,0,7041
402.03,21616,45280
70.333,0,5361
507.5,28951,50748
222.8,8714,35037
74.033,0,4407
213.27,8723,34581
55.733,0,3464
65.033,0,4311
73.167,0,4322
308.07,17754,42710
169.97,4545,30965
76.8,0,4904
467.9,26034,48559
445.17,25104,48468
65.1,0,5399
256.57,11355,35527
72.6,0,8139
276.8,12630,37370
706.57,38566,60855
69.233,0,4814
163.77,3687,30204
57.9,0,3157
69.967,0,9864
375.17,19647,43291
226.73,7972,33913
